CRASH TIME (HRS),DATE,DAY,LOCATION,PROBABLE CAUSE(S) OF RTC,ROUTE,VEHICLE CATEGORY,VEHICLE CLASS,Timestamp,month,X    ,Y
1255,03/11/2013,SUN,KM8-OOLO,,OGB-OYO,CAR,COMM,05/02/2013 07:00,3,3.891,7.3997502
245,04/11/2013,MON,KM8-FLYOVER,,OGB-ILN,BUS,COMM.,4/21/2013 5:00,4,3.9082,7.4262199
400,04/11/2013,MON,KM24-IROKO,,IBD-OYO,BUS,COMM.,4/27/2013 16:00,4,3.91593,7.5131602
1330,04/11/2013,MON,KM2-SHARPCORNER,,OGB-OYO,TRK,COMM.,06/05/2013 10:00,4,3.91466,7.5909901
515,05/11/2013,TUE,KM1-AJE IYA,,OGB-OYO,TRL/   MC,COMM/   PVT,06/01/2013 11:00,5,3.9226,7.63765
1244,05/11/2013,TUE,KM3-IDI OSI,,IBD-OYO,CAR/ MC/  MC,PVT,07/01/2013 20:00,5,3.9163499,7.6939998
1842,05/11/2013,TUE,KM5,,IBD-OYO,CAR,GOVT,7/26/2013 18:00,5,3.9225199,7.75137
1730,11/19/2013,TUE,KM8-OOLO VILLAGE,,OGB-OYO,BUS,COMM,1/30/2014 2:00,11,3.9372799,7.83181
840,11/20/2013,WED,KM18-IROKO,,OYO-IBD,BUS,COMM,12/25/2013 0:00,11,3.9438601,7.8669701
220,11/22/2013,FRI,KM2-AFTER FLYOVER,,OGB-ILN,BUS,COMM,12/01/2013 04:00,11,4.0156298,7.9195199
1325,11/27/2013,WED,KM2-AJEGUNLE MKT,,OYO-OGB,TNK/ MC,COM/ PVT,1/21/2014 5:00,11,4.1345401,8.0544004
2300,02/12/2013,MON,KM1-ARINKINKIN,,OGB-OYO,BUS,COMM,5/18/2013 20:00,2,4.2328801,8.1246204
1035,03/12/2013,TUE,KM17-OWEYO VILLAGE,,OYO-OGB,TNK/ BUS,COMM/ COM,4/24/2013 3:00,3,4.31323,8.2669401
1440,03/12/2013,TUE,KM23-MOTUNDE,,OYO-IBD,CAR,PVT,05/11/2013 00:00,3,4.4053702,8.3204603
1235,08/12/2013,SUN,KM19-ELETE VILLAGE,,OYO-OGB,BUS/ CAR,COMM/ PVT,10/02/2013 11:00,8,4.5041399,8.4411001
535,09/12/2013,MON,KM9-ELEKARA,,OYO-IBD,BUS/ TRL,COMM/ COM,10/04/2013 07:00,9,4.2785201,8.20191
1110,12/12/2013,THU,KM19-FIDITI,,OYO-IBD,BUS,PVT,1/27/2014 6:00,12,4.1715999,8.0732603
1820,12/13/2013,FRI,KM1-CALIFONIA,,OGB-OYO,TRL/ MC,COMM/ COM,2/26/2014 20:00,12,3.98103,7.80163
330,12/28/2013,SAT,KM5,,OGB-OYO,TRL/ TRL,COMM/COMM,01/10/2014 18:00,12,4.0668702,7.71386
1410,12/29/2013,SUN,KM18-FIDITI,,OYO-IBD,SUV,PVT,2/25/2014 18:00,12,3.95486,7.7192898
1621,12/30/2013,MON,KM6-BABAIBADAN VILLAGE,,OYO-OGB,BUS,COMM,03/07/2014 13:00,12,3.91259,7.4547701
2250,12/30/2013,MON,KM3-IBAPON,,OGB-OYO,TRL/ BUS,COMM/ COMM,04/02/2014 18:00,12,3.91589,7.4781699
1121,03/01/2014,FRI,KM19-FIDITI,SLV,OYO-IBD,BUS,PVT,4/16/2014 17:00,3,3.8963799,7.5360298
2130,03/01/2014,FRI,KM2-CARETAKER,LOC,OGB-ILN,TRL.,COMM,5/28/2014 18:00,3,3.9093001,7.5542798
1721,1/24/2014,FRI,KM13-JOBELE,"SLV,LOC",OYO-IBD,CAR,PVT,04/05/2014 17:00,1,3.91645,7.6091499
545,1/26/2014,SUN,KM1-AFTER BASE,DOT,OGB-OYO,CAR/ MC/  MC/  MC/  MC ,PVT/ COMM/ COMM/ COMM/ COMM,2/17/2014 17:00,1,3.9126,7.6716299
450,1/31/2014,FRI,KM5-ODO OBA,DOT,OGB-OYO,TNK/ TNK,COMM/ COMM,2/18/2014 18:00,1,3.9182301,7.7175899
740,07/02/2014,FRI,KM18-ALAIDAN VILLAGE,"SLV, FIRE",OYO-OGB,TNK/ TNK,COMM/ COMM,08/01/2014 20:00,7,3.9362299,7.71457
730,11/02/2014,TUE,KM2-AFTER BASE,SLV,OGB-OYO,BUS,COMM,12/02/2014 10:00,11,3.98874,7.7177701
1655,11/02/2014,TUE,6KM FROM OJOO-TOSE,WOV,OYO-IBD,TRK,COMM,01/09/2015 23:00,11,4.0046701,7.7049499
945,2/15/2014,SAT,KM3,DOV,OGB-OYO,MC/ MC/ TRL,COMM/ COMM/ COMM,3/26/2014 9:00,2,4.0254202,7.6987901
820,2/16/2014,SUN,KM2,DOV,OGB-ILN,MC/ TRL,PVT/ PVT,3/22/2014 4:00,2,4.0480399,7.68644
2000,2/17/2014,MON,KM1-TAKIE R/ABOUT,BRD,OGB-ILN,MC/ TNK,COMM/ COMM,05/11/2014 08:00,2,4.08216,7.67803
2225,2/20/2014,THU,KM22-IROKO,LOC,IBD-OYO,CAR/ CAR,PVT/ PVT,5/23/2014 17:00,2,4.07517,7.7069502
1858,2/26/2014,WED,KM9-AROJE AREA,DOT,OGB-ILN,MC/ CAR,COMM/ PVT,5/14/2014 10:00,2,4.0520802,7.72574
325,2/28/2014,FRI,KM15-OWEYO VILLAGE,"SPV,WOV",OYO-OGB,BUS/ BUS,COMM/ COMM,3/13/2014 13:00,2,4.0520802,7.72574
1130,01/03/2014,SAT,KM4-IITA/ SHAGBE,TBT,IBD-OYO,CAR/ BUS,COMM/ COMM,2/19/2014 2:00,1,4.03372,7.7427101
1510,01/03/2014,SAT,KM1,"SPV,LOC",IBD-OYO,BUS,COMM,03/06/2014 22:00,1,4.0221,7.7602901
1426,03/03/2014,MON,KM17-FIDITI,DGD,OYO-IBD,CAR/ CAR,PVT/       NA,05/01/2014 10:00,3,4.0221,7.7602901
1130,05/03/2014,WED,2KM FROM IBADAN-ELADISA,LOC,OYO-IBD,TRK/ MC,COMM/ PVT,6/19/2014 2:00,5,4.0091801,7.78163
2210,05/03/2014,WED,KM6-TOSE BY MUTLAD FUEL/S,"SPV,PWR",IBD-OYO,P.UP/ BUS/ BUS,COMM/ COMM/ COMM,08/03/2014 02:00,5,3.95804,7.8222098
2250,10/03/2014,MON,KM2-SAGBE,WOV,OYO-IBD,BUS/ MC,COMM/ COMM,01/04/2015 18:00,10,3.91682,7.8113098
1625,12/03/2014,WED,KM6-IROKO VILLAGE,LOC,IBD-OYO,TRK/ MC,PVT/ PVT,02/08/2015 17:00,12,3.91781,7.7855902
1515,3/15/2014,SAT,KM4-NNPC FUEL STATION,BFL,IBD-OYO,P.UP,PVT,5/17/2014 3:00,3,3.89554,7.8003602
1120,3/22/2014,SAT,KM15-OOLO AREA,TBT,OGB-OYO,BUS,PVT,05/07/2014 16:00,3,3.9214101,7.7712798
1900,08/04/2014,TUE,KM10-ALATA AREA,SPV,OGB-ILN,CAR/ BUS,PVT/ COMM,10/22/2014 4:00,8,3.9266901,7.8238502
1345,11/04/2014,FRI,KM13-JOBELE,"SLV,OLV",OYO-IBD,CAR/ BUS/ CAR,PVT/ COMM/ PVT,12/30/2014 1:00,11,3.91887,7.8365102
845,4/14/2014,MON,KM25-IROKO,"RTV,FTQ",IBD-OYO,CAR,PVT,5/19/2014 5:00,4,3.9221699,7.8495102
530,4/17/2014,THU,KM12-AGRIC AREA,SPV,OGB-OYO,P.UP,COMM,05/09/2014 02:00,4,3.96508,7.8818102
1355,4/26/2014,SAT,KM15-FIDITY,"TBT,LOC",IBD-OYO,BUS,COMM,6/21/2014 11:00,4,3.93098,7.8586602
725,4/28/2014,MON,KM18-OOLO AREA,SPV,OGB-OYO,CAR,PVT,5/28/2014 5:00,4,3.95316,7.8392
1139,05/05/2014,MON,KM4-AGBOYE,WOV,OYO-OGB,BUS/ P.UP,COMM/ COMM,6/21/2014 11:00,5,3.9898701,7.8681202
1150,11/05/2014,SUN,KM12-ALATA FOUR MILL ,TBT,OGB-ILN,BUS,PVT,12/22/2014 22:00,11,3.9721401,7.8398099
1030,5/17/2014,SAT,KM10-OGBOMOSO GIRL HIGH SCH.,TBT,OGB-ILN,BUS,PVT,6/28/2014 22:00,5,3.9740901,7.85466
130,5/18/2014,SUN,KM3-AGRIC AREA,DOT,OGB-OYO,MC,PVT,5/23/2014 10:00,5,4.0026002,7.87676
515,5/23/2014,FRI,KM5-AGRIC AREA,SLV,OGB-OYO,CAR,PVT,6/13/2014 11:00,5,4.0152102,7.90413
1000,5/23/2014,FRI,7KM FROM IBD-TOSEE,FTQ,OYO-IBD,TRL,COMM,07/03/2014 16:00,5,3.9880099,7.8997102
920,5/25/2014,SUN,KM6-TOSEE,WOV,IBD-OYO,BUS/   NA,COMM/ NA,07/02/2014 08:00,5,3.9880099,7.8997102
1330,5/25/2014,SUN,6.5KM FROM IBD-TOSEE,"SPV,MDV",OYO-IBD,BUS,COMM,7/19/2014 10:00,5,3.95698,7.8759599
503,5/27/2014,TUE,KM14-MASIFA VILLAGE,DOT,OGB-OYO,BUS/ TRL,COMM/ COMM,6/16/2014 23:00,5,3.9991701,7.9088602
936,5/28/2014,WED,KM1-NTA JCTN,"OVL,LOC",OGB-ILN,MC,COMM,07/06/2014 00:00,5,4.0331202,7.9307799
1400,5/30/2014,FRI,KM5.5-SEKONA,SLV,OGB-OYO,BUS,COMM,7/27/2014 8:00,5,4.08006,7.9584899
1115,6/13/2014,FRI,KM5-ARINKINKIN ,SLV,OGB-OYO,TRL,COMM,7/29/2014 11:00,6,4.0883999,7.9744301
215,6/14/2014,SAT,KM10-AROJE AREA,"SPV,SOS",OGB-ILN,BUS,PVT,6/22/2014 23:00,6,4.06004,7.9481001
1930,6/17/2014,TUE,KM2-ABAYOMI HOSP. AREA,SPV,OGB-ILN,MC/    MC,PVT/ PVT,09/05/2014 10:00,6,4.1017699,8
1730,6/18/2014,WED,OJA AGBE-OLD OYO RD,DGD,OYO-IBD,CAR,PVT,8/29/2014 2:00,6,4.1174302,8.0326996
1810,6/21/2014,SAT,KM10-AFTER AKINYELE BRIDGE,TBT,OYO-IBD,BUS,COMM,09/04/2014 10:00,6,4.0480599,7.9403901
600,6/25/2014,WED,KM6-OPP FRSC OFFICE,DOT,OGB-OYO,CAR/ CAR,PVT/ COMM,7/20/2014 0:00,6,3.9221001,7.6523499
1400,6/26/2014,THU,KM10-B4 AKINYELE BRIDGE,"OVL,FTQ",IBD-OYO,BUS,COMM,8/23/2014 8:00,6,3.90974,7.5379
1339,6/28/2014,SAT,KM22-FIDITI,SPV,OYO-IBD,CAR,PVT,8/22/2014 19:00,6,3.93327,7.52601
515,6/29/2014,SUN,KM5-SHARP CORNER,TBT,OGB-OYO,CAR,PVT,7/20/2014 11:00,6,3.9133101,7.4954
1105,6/29/2014,SUN,KM1-TAKIE AREA  BY FIRST BANK,DOT,OGB-OYO,TNK/      MC,COMM/   COMM,8/14/2014 1:00,6,3.9001701,7.3705602
1150,6/29/2014,SUN,KM5-SHARP CORNER,DOT,OGB-OYO,BUS/   TRL,COMM/ COMM,8/15/2014 22:00,6,3.89533,7.3859801
755,02/07/2014,WED,KM2-LABAMBABA,SPV,OYO-IBD,P.UP/   P.UP,COMM/  PVT,03/10/2014 11:00,2,3.8990099,7.4140801
1105,05/07/2014,SAT,KM15-TOKOTOKO VILLAGE,TBT,OGB-OYO,BUS,COMM,6/22/2014 1:00,5,3.90991,7.4373102
1426,08/07/2014,TUE,KM2-ORILE VILLAGE,TBT,OGB-ILN,BUS,COMM,10/05/2014 10:00,8,3.914,7.4647498
1435,10/07/2014,THU,KM1-NNPC MEGA STATION BY OLD RD,DGD,IBD-OYO,TNK/   MC,COMM/ PVT,12/05/2014 19:00,10,3.90871,7.5760398
1442,10/07/2014,THU,KM19-BUSARI VILLAGE,WOV,OYO-OGB,CAR/  BUS,PVT/ COMM,12/06/2014 02:00,10,3.9181499,7.6170301
1022,12/07/2014,SAT,KM2-LABAMBABA,SPV,OYO-IBD,MC,PVT,1/18/2015 14:00,12,3.97263,7.7214398
1145,7/18/2014,FRI,KM5-FRONT OF NTA,DOT,OGB-ILN,CAR/   MC/    MC,PVT/ PVT/   PVT,09/03/2014 17:00,7,4.2026801,8.0919504
1425,7/23/2014,WED,KM18-FIDITI,"SPV,OLV,  TBT",OYO-IBD,BUS,COMM,9/20/2014 9:00,7,4.2221298,8.1129904
1600,7/26/2014,SAT,KM3-AROJE VILLAGE,SPV,OGB-ILN,BUS,COMM,9/30/2014 16:00,7,4.15696,8.0612602
1750,07/08/2014,THU,KM30-IKPEBA VILLAGE,DOT,OGB-OYO,BUS,COMM,9/18/2014 22:00,7,4.1875701,8.08286
1505,09/08/2014,SAT,KM10-JOBELE,"SLV,LOC",OYO-IBD,BUS,PVT,11/09/2014 17:00,9,4.25351,8.1530399
700,12/08/2014,TUE,KM26-OOLO BRIDGE,SPV,OGB-OYO,TRL/  BUS,COMM/  PVT,01/06/2015 04:00,12,4.2449002,8.1373901
1415,8/13/2014,WED,KM10,TBT,IBD-OYO,TRK/   TRL,COMM/ COMM,10/10/2014 23:00,8,4.2667098,8.1788502
645,8/19/2014,TUE,KM3-AROJE VILLAGE BY EXPRESS,"RTV,OLV",OGB-ILN,BUS,COMM,9/14/2014 21:00,8,4.2955699,8.23524
1350,8/20/2014,WED,KM10-ELEMU BY PW,"SPV,LOC",IBD-OYO,CAR,COMM,10/15/2014 6:00,8,4.2725301,8.1902103
1145,8/25/2014,MON,KM10-LAWYER,WOV,OYO-OGB,BUS/  BUS/ TRK,COMM/ PVT/ COMM,10/11/2014 17:00,8,4.2876501,8.2197599
2015,8/25/2014,MON,KM2-TAKIE AREA,SPV,OGB-OYO,MC,COMM,11/16/2014 23:00,8,4.3031402,8.2488298
2020,8/28/2014,THU,"KM8-MUTLAD FUEL/S, TOSEE",TBT,OYO-IBD,MC,COMM,11/20/2014 4:00,8,4.3456302,8.2980003
1500,03/09/2014,WED,2KM FROM IBADAN-SAGBE,SLV,OYO-IBD,BUS/  CAR,COMM/ COMM,05/10/2014 12:00,3,4.32446,8.2810402
1325,04/09/2014,THU,KM12-IJAWAYA VILLAGE,WOV,OYO-OGB,BUS/ TRK,COMM/ COMM,06/03/2014 05:00,4,4.36659,8.3073902
1545,06/09/2014,SAT,KM30-IKPEBA VILLAGE,SPV,OGB-OYO,BUS/  TNK,COMM/ COMM,08/12/2014 09:00,6,4.3903399,8.3151503
1535,08/09/2014,MON,KM10-AGRIC VILLAGE,SPV,OGB-OYO,BUS/  TNK,COMM/ COMM,10/11/2014 23:00,8,4.4179902,8.3345404
815,09/09/2014,TUE,KM12-ODO OBA,SPV,OGB-OYO,BUS/ TNK,COMM/ COMM,10/12/2014 23:00,9,4.4418101,8.3668699
920,9/18/2014,THU,KM8-TOOSE,"SLV,TBT",IBD-OYO,CAR,PVT,10/26/2014 8:00,9,4.42693,8.3488903
937,9/22/2014,MON,KM8-OWEYO VILLAGE,"SLV,DGD",OYO-OGB,BUS/ BUS,COMM/ COMM,10/31/2014 1:00,9,4.4643698,8.3941097
1120,9/25/2014,THU,KM6-HIGH SCHOOL JCTN,DOT,OGB-OYO,TRL/   TNK,COMM/ COMM,11/10/2014 16:00,9,4.4509401,8.3779001
1442,9/25/2014,THU,"10KM FFROM IBD, KARA BY EXPRESS",WOV,OYO-IBD,MC,COMM,11/24/2014 2:00,9,4.4755402,8.4076099
1730,9/26/2014,FRI,KM13-AKINYELE TRL PARK,"BFL,LOC",IBD-OYO,P.UP/ TRK/ P.UP/   P.UP/  TRK,COMM/ COMM/ COMM/ COMM/    COMM,12/07/2014 02:00,9,4.4939699,8.42939
1135,9/28/2014,SUN,KM13-SEKONA,SPV,OGB-OYO,BUS,COMM,11/14/2014 7:00,9,4.5130601,8.4513903
1350,9/29/2014,MON,KM13-SEKONA,DOT,OGB-OYO,MC/       CAR/        BUS,COMM/      PVT/         COMM,11/24/2014 6:00,9,4.5392699,8.4815702
815,9/30/2014,TUE,KM2-EL-ADISA,"LOC,PWR",IBD-OYO,TNK/    TNK,COMM/ COMM,11/02/2014 23:00,9,4.5499701,8.4904804
910,9/30/2014,TUE,KM30-OOLO BRIDGE,BRD,OGB-OYO,MC,COMM,11/06/2014 22:00,9,4.52175,8.4613895
1135,02/10/2014,THU,KM13-ABBA LAWYER VILL,"SLV,LOC",OYO-OGB,TRL,COMM,3/29/2014 7:00,2,4.26091,8.1674995
1125,03/10/2014,FRI,KM18-ODO OBA,DGD,OGB-OYO,BUS/  TRK,COMM/ COMM,4/25/2014 21:00,3,4.0959601,7.9888701
1845,03/10/2014,FRI,KM9-OOLO VILLAGE,"BFL,OLV",OGB-OYO,TRK,COMM,5/25/2014 21:00,3,4.1107998,8.0188398
905,07/10/2014,TUE,KM12-ODO-OBA,"ROV,SPV",OGB-OYO,BUS/ MC,COMM/ COMM,8/16/2014 17:00,7,4.1217399,8.0416899
1520,07/10/2014,TUE,KM8-AGBOYE VILLAGE,WOV,OYO-OGB,TNK/ BUS,COMM/ COMM,09/11/2014 08:00,7,4.0618901,7.6754498
1920,10/10/2014,FRI,KM7-BODE THOMAS VILL,SPV,OYO-OGB,MC,PVT,12/29/2014 0:00,10,4.0816598,7.6938801
1740,11/10/2014,SAT,KM12-ODO OBA,SPV,OGB-OYO,MC,COMM,1/21/2015 12:00,11,4.0893502,7.6750302
555,12/10/2014,SUN,KM30-ELEGA VILLAGE,SPV,OGB-OYO,TRL/   P.UP,COMM/  COMM,01/02/2015 03:00,12,4.0395002,7.6891799
1515,10/20/2014,MON,KM2-APAKE AREA,SPV,OGB-ILN,TRL/    MC,COMM/    COMM,12/22/2014 3:00,10,4.04285,7.7300801
905,10/25/2014,SAT,KM28-OOLO VILLAGE,SPV,OGB-OYO,MC,COMM,12/01/2014 17:00,10,4.0171599,7.7707601
1550,10/30/2014,THU,KM27-IROKO,SPV,OYO-IBD,BUS,COMM,01/02/2015 14:00,10,3.99616,7.7880802
1740,07/11/2014,FRI,KM11-AGRIC AREA,DOT,OGB-OYO,CAR/    TNK,PVT/  COMM,9/21/2014 12:00,7,3.9655399,7.8154898
600,09/11/2014,SUN,KM28-ELEGA VILLAGE,SPV,OGB-OYO,MC,COMM,10/06/2014 00:00,9,3.9449,7.82936
1306,09/11/2014,SUN,KM17-OWEYO VILLAGE,WOV,OYO-OGB,TRL/    BUS/    TNK,COMM/  COMM/ COMM,11/04/2014 10:00,9,4.0071902,7.88412
1140,11/11/2014,TUE,KM18-GAMBRI VILLAGE,DOT,OGB-ILN,TRL/   BUS,COMM/ COMM,12/28/2014 12:00,11,4.5286298,8.4693203
1500,11/11/2014,TUE,14KM FROM IBD-NEW ABATIOR,TBT,OYO-IBD,BUS,COMM,01/12/2015 12:00,11,4.4854398,8.41957
533,11/13/2014,THU,KM17-IJAWAYA,SPV,OYO-OGB,BUS,COMM,12/05/2014 05:00,11,4.3762102,8.3101501
1930,11/13/2014,THU,KM13-ITAMAYA VILLAGE,SPV,OGB-OYO,TRL,COMM,02/01/2015 10:00,11,4.33289,8.2877903
800,11/15/2014,SAT,KM8-BABAIBADAN ,WOV,OYO-OGB,TNK/  MC,COMM/ COMM,12/18/2014 8:00,11,4.3071599,8.2560501
2215,11/15/2014,SAT,3KM FROM OWODE JCTN,RTV,OYO-OGB,MC/    TRK,COMM/ COMM,2/15/2015 7:00,11,4.2955699,8.23524
1750,11/17/2014,MON,KM9-OWODE,SPV,OGB-OYO,MC,COMM,1/28/2015 22:00,11,4.2876501,8.2197599
730,11/19/2014,WED,KM21-ELEGA VILLAGE,DOT,OGB-OYO,BUS/   BUS/    TRL,COMM/ COMM/ COMM,12/19/2014 10:00,11,4.2725301,8.1902103
350,11/21/2014,FRI,KM6-OLALOMI JCTN,SPV,OYO-OGB,TRK,COMM,12/05/2014 14:00,11,4.26091,8.1674995
1415,11/25/2014,TUE,KM29-MOTUNDE,TBT,IBD-OYO,TRK,COMM,1/22/2015 23:00,11,4.2449002,8.1373901
1700,01/12/2014,MON,KM21-ELEGA VILLAGE,"SPV,TBT",OGB-OYO,BUS,COMM,3/23/2014 20:00,1,4.2119699,8.1020002
1700,01/12/2014,MON,KM9-DEEPER LIFE CAMP,LOC,IBD-OYO,BUS,COMM,3/23/2014 20:00,1,4.14539,8.0577202
1100,04/12/2014,THU,KM21-ELEGA VILLAGE,SPV,OGB-OYO,BUS,COMM,5/27/2014 20:00,4,4.1630502,8.0662498
825,05/12/2014,FRI,KM5-BODE THOMAS OYO,WOV,OYO-OGB,BUS/       MC,COMM/     COMM,6/15/2014 9:00,5,4.3551402,8.3032799
1100,11/12/2014,THU,KM6-ARINKINKIN AREA,SPV,OGB-OYO,MC/ PICK UP,PVT/ GOVT,12/27/2014 20:00,11,4.3613501,8.3058796
1218,11/12/2014,THU,KM19-FIDITI,SPV,OYO-IBD,CAR,PVT,01/01/2015 18:00,11,4.3499298,8.3003902
615,12/12/2014,FRI,KM20-OOLO VILLAGE,DOT,OGB-OYO,TRL/ TRL,COMM/ COMM,01/06/2015 15:00,12,4.33884,8.2925596
2300,12/16/2014,TUE,KM9-ARINKINKIN AREA,SPV,OGB-OYO,TNK/ BUS,COMM/ COMM,3/21/2015 20:00,12,4.33289,8.2877903
1740,12/20/2014,SAT,KM16-OJOO,SPV,IBD-OYO,BUS,COMM,03/02/2015 12:00,12,4.3207798,8.2764196
1100,12/21/2014,SUN,KM21- OOLO AREA,DOT,OGB-OYO,CAR/ BUS,PVT/ COMM,02/04/2015 20:00,12,4.4145699,8.3307199
1920,12/21/2014,SUN,KM5- IDI ORO AREA,SPV,OGB-OYO,MC,COMM,03/11/2015 00:00,12,4.42243,8.3416595
1930,12/23/2014,TUE,KM8- AGRIC AREA,DOT,OGB-OYO,MC,COMM,3/13/2015 10:00,12,4.4105,8.3261805
645,08/01/2015,THU,KM4-SAWMILL OYO,WOV,OYO-IBD,BUS/ MC,COMM/ PVT,8/27/2015 21:00,8,4.39645,8.3173103
520,11/01/2015,SUN,KM8-AGBOYE VILLAGE,WOV,OYO-IBD,BUS/  TNK,COMM/  COMM,11/22/2015 16:00,11,4.38517,8.3133202
845,1/18/2015,SUN,KM7-SHARO CORNER,SPV,OGB-OYO,TRK/   BUS,COMM/ COMM,2/22/2015 5:00,1,3.891,7.3997502
1510,1/18/2015,SUN,KM9-IGBON AREA,SPV,OGB-ILN,BUS,COMM,3/21/2015 22:00,1,3.9082,7.4262199
840,1/21/2015,WED,KM15-OWEYO VILL,SPV,OYO-OGB,TRL,COMM,2/25/2015 0:00,1,3.91593,7.5131602
1118,1/27/2015,TUE,KM6-AGRIC AREA,WOT,OGB-OYO,TNK/  CAR,COMM/ PVT,3/14/2015 14:00,1,3.91466,7.5909901
10,1/30/2015,FRI,KM18-IROKO,SPV,IBD-OYO,BUS,COMM,1/30/2015 10:00,1,3.9226,7.63765
700,01/02/2015,SUN,KM4-IGBON VILLAGE,SPV,OGB-ILN,TRK/     CAR,COMM/  PVT,1/31/2015 4:00,1,3.9163499,7.6939998
1415,05/02/2015,THU,KM15,"SPV,LOC",OGB-ILN,P.UP,COMM,6/29/2015 23:00,5,3.9225199,7.75137
1150,07/02/2015,SAT,KM13-JOBELE,SPV,OYO-IBD,BUS/  CAR/  TRK,PVT/    COMM/   COMM,8/18/2015 22:00,7,3.9372799,7.83181
2105,09/02/2015,MON,KM2-SCHOOL OF SURVEY,DGD,OYO-OGB,CAR,PVT,11/28/2015 17:00,9,3.9438601,7.8669701
1925,11/02/2015,WED,KM13-LAWYER VILLAGE,WOV,OYO-OGB,BUS/ TRK,GOVT/ COMM,1/21/2016 5:00,11,4.0156298,7.9195199
600,2/13/2015,FRI,KM5-AGRIC AREA,SPV,OGB-OYO,CAR,COMM,03/10/2015 00:00,2,4.1345401,8.0544004
1429,2/19/2015,THU,KM13-DEEPER LIFE,LOC,OYO-IBD,TRK,COMM,4/19/2015 13:00,2,4.2328801,8.1246204
2310,2/20/2015,FRI,KM10-TOKUN VILLAGE,SPV,OYO-OGB,BUS,PVT,5/27/2015 6:00,2,4.31323,8.2669401
545,2/24/2015,TUE,KM15-IGBON,SPV,OGB-ILN,BUS/  TRK,COMM/    COMM,3/18/2015 17:00,2,4.4053702,8.3204603
1640,2/28/2015,SAT,KM35-IROKO,TBT,OYO-IBD,SUV,PVT,05/07/2015 08:00,2,4.5041399,8.4411001
510,04/03/2015,WED,KM10-SEKONA,TBT,OGB-OYO,BUS,COMM,4/24/2015 6:00,4,4.2785201,8.20191
1515,05/03/2015,THU,KM8-BABAIBADAN VILLAGE,WOV,OYO-OGB,TRL,COMM,07/05/2015 03:00,5,4.1715999,8.0732603
2210,06/03/2015,FRI,KM12-JOBELE,SPV,OYO-IBD,BUS,COMM,09/03/2015 02:00,6,3.98103,7.80163
2110,12/03/2015,THU,KM3-SAWMAIL,RTV,OYO-IBD,MC/   MC,PVT/   PVT,2/28/2016 22:00,12,4.0668702,7.71386
805,3/15/2015,SUN,KM21-ELEGA VILLAGE,"DOT,DGD",OGB-OYO,BUS/  CAR,COMM/   PVT,4/17/2015 13:00,3,3.95486,7.7192898
1132,3/15/2015,SUN,9KM FROM IBD-SOGUNRO,"SPV,LOC",OYO-IBD,CAR,PVT,05/01/2015 04:00,3,3.91259,7.4547701
738,3/19/2015,THU,"KM17, OWEYO VILLAGE",DGD,OYO-OGB,TRL/  CAR/   TRK/        TRK  ,COMM/  PVT/   COMM/     COMM,4/18/2015 18:00,3,3.91589,7.4781699
920,3/19/2015,THU,KM21-ELEGA VILLAGE,"SPV,LOC",OGB-OYO,MC,PVT,4/26/2015 8:00,3,3.8963799,7.5360298
830,3/20/2015,FRI,KM9-ISALE GENERAL AREA,"SPV,WOV",OGB-ILN,MC/    TRK,PVT/  COMM,4/23/2015 14:00,3,3.9093001,7.5542798
2022,3/22/2015,SUN,KM8-AGBOYE VILLAGE,WOV,OYO-OGB,CAR/   TRK,PVT/  COMM,6/14/2015 6:00,3,3.91645,7.6091499
540,3/30/2015,MON,KM2-AROWOMOLE AREA,"SPV,LOC",OGB-OYO,SUV,PVT,4/21/2015 12:00,3,3.9126,7.6716299
1500,05/04/2015,SUN,9KM FROM IBD-KARA,"SPV,LOC",OYO-IBD,TRL/  BUS,COMM/  COMM,07/05/2015 12:00,5,3.9182301,7.7175899
1500,06/04/2015,MON,SEKONA,WOV,OGB-OYO,BUS/   CAR,COMM/  PVT,08/05/2015 12:00,6,3.9362299,7.71457
907,07/04/2015,TUE,KM17-OWEYO,WOV,OYO-OGB,TRK/   TRK,COMM/ COMM,08/10/2015 19:00,7,3.98874,7.7177701
1415,08/04/2015,WED,KM19-ALAGBON,WOV,OYO-OGB,P.UP/  BUS/  TNK/    SUV,COMM/   COMM/   COMM/   PVT,10/01/2015 23:00,8,4.0046701,7.7049499
2045,12/04/2015,SUN,KM2-AHOYAYA GARAGE,WOV,OGB-OYO,CAR/  BUS,COMM/  PVT,2/27/2016 5:00,12,4.0254202,7.6987901
805,4/21/2015,TUE,KM17-IBADAN,SPV,IBD-OYO,TRL,COMM,5/24/2015 13:00,4,4.0480399,7.68644
1910,4/23/2015,THU,KM11-LAWYER VILLAGE OYO,WOV,OYO-OGB,CAR/ TRL,PVT/ COMM,07/11/2015 14:00,4,4.08216,7.67803
1650,4/28/2015,TUE,KM5-ILEABU AJIBOYE ALONG OYO ROAD,"WOV,SPV",OGB-OYO,TRK,COMM,07/05/2015 18:00,4,4.07517,7.7069502
1430,4/30/2015,THU,KM-AHOYAYA AREA TOWNSHIP,"SPV,WOV",OGB-OYO,MC/ MC,COMM/ COMM,6/28/2015 14:00,4,4.0520802,7.72574
1133,03/05/2015,SUN,KM18-FIDITI,SPV,OYO-IBD,CAR,PVT,4/21/2015 5:00,3,4.0520802,7.72574
1430,07/05/2015,THU,KM7-OJOO NNPC FILLING,"DGD,LOC",OYO-IBD,P.UP/ TRL/ BUS/ MC,PVT/ PVT/ COMM/ COMM,09/02/2015 14:00,7,4.03372,7.7427101
437,5/15/2015,FRI,KM5-LOWCOST,WOV,OYO-OGB,TRL/ TNK,COMM/ COMM,06/02/2015 05:00,5,4.0221,7.7602901
1540,5/18/2015,MON,KM-TAKIE ROUNDABOUT,"SPV,WOV",OGB-OYO,TNK/ MC/ CAR/ CAR,COMM/ COMM/ PVT/ PVT,7/21/2015 4:00,5,4.0221,7.7602901
37,5/22/2015,FRI,KM17-OWEYO,SPV,OYO-OGB,TRL,COMM,5/23/2015 13:00,5,4.0091801,7.78163
1805,5/27/2015,WED,KM1.8-FIDITI,SPV,OYO-IBD,CAR,PVT,08/10/2015 05:00,5,3.95804,7.8222098
635,5/31/2015,SUN,KM8-AGBOYE VILLAGE,WOV,OYO-OGB,TNK/      TRL,COMM/   COMM,6/26/2015 11:00,5,3.91682,7.8113098
615,02/06/2015,TUE,KM5-ATIBA LG,WOV,OYO-OGB,TRL/    P.UP,COMM/   PVT,03/03/2015 15:00,2,3.91781,7.7855902
1317,07/06/2015,SUN,KM19-FIDITI,SPV,OYO-IBD,BUS,COMM,8/29/2015 21:00,7,3.89554,7.8003602
1750,12/06/2015,FRI,KM1-TAKIE JCTN,BRD/     MDV,OGB-ILN,TRK/   CAR/   CAR/   TRK,COMM/    COMM/   PVT/    GOVT,2/16/2016 22:00,12,3.9214101,7.7712798
1020,6/14/2015,SUN,KM17-IROKO MKT,"DGD,LOC",IBD-OYO,BUS,COMM,7/26/2015 12:00,6,3.9266901,7.8238502
1620,6/15/2015,MON,KM13,"SPV,BFL",OGB-ILN,CAR/    BUS,PVT/    PVT,8/21/2015 12:00,6,3.91887,7.8365102
600,02/07/2015,THU,KM20-IKPEBA,"SPV,DGD",OGB-OYO,MC/     TRL,COMM/  COMM,03/04/2015 00:00,2,3.9221699,7.8495102
920,05/07/2015,SUN,KM18-ORI VILLAGE,WOV,OYO-OGB,CAR/      TRK,COMM/   COMM,6/14/2015 8:00,5,3.96508,7.8818102
1330,11/07/2015,SAT,KM7-SEKONA,SPV,OGB-OYO,CAR/      TNK,PVT/    COMM,01/01/2016 10:00,11,3.93098,7.8586602
1852,12/07/2015,SUN,KM3-SAWMILL,"DGD, OLV",OYO-IBD,TRK/     BUS,COMM/   COMM,2/22/2016 4:00,12,3.95316,7.8392
1945,7/19/2015,SUN,KM5-AJE IYA AREA,"WOV,SPV",OGB-OYO,TNK/      CAR,COMM/  PVT,10/08/2015 01:00,7,3.9898701,7.8681202
1745,7/24/2015,FRI,KM17-OWEYO VILLAGE,"SPV,RTV",OYO-OGB,CAR/    CAR/     CAR,PVT/   PVT/    PVT,10/04/2015 17:00,7,3.9721401,7.8398099
850,06/08/2015,THU,search,"DGD,LOC",IBD-OYO,TRL/    TNK,COMM/  COMM,7/13/2015 10:00,6,3.9740901,7.85466
930,06/08/2015,THU,KM25-IROKO,"RTV,DGD",OYO-IBD,CAR/   CAR/   CAR,PVT/  PVT/  PVT,7/16/2015 18:00,6,4.0026002,7.87676
620,09/08/2015,SUN,KM5,"SPV,BFL",OGB-OYO,BUS/     CAR/    TRK,COMM/  PVT/  COMM,10/03/2015 20:00,9,4.0152102,7.90413
820,8/14/2015,FRI,KM13-ITAMAYA VILLAGE,"SPV,DGD",OGB-OYO,TRK/  TNK,COMM/  COMM,9/17/2015 4:00,8,3.9880099,7.8997102
1501,8/14/2015,FRI,KM8-BABAIBADAN VILLAGE,WOV,OYO-OGB,MC,COMM,10/15/2015 13:00,8,3.9880099,7.8997102
810,8/15/2015,SAT,KM2 OLD RD BY SAGBE,LOC,IBD-OYO,CAR/  CAR/  MC,PVT/  PVT/   PVT,9/17/2015 18:00,8,3.95698,7.8759599
1010,8/30/2015,SUN,KM16-OOLO,"WOT, BFL",OGB-OYO,BUS/    TRL,COMM/  COMM,10/11/2015 02:00,8,3.9991701,7.9088602
1405,9/15/2015,TUE,KM-OYO TOWNSHIP,SPV,OYO-OGB,MC/ MC,COMM/ COMM,11/12/2015 13:00,9,4.0331202,7.9307799
1015,9/21/2015,MON,KM20-OJOO,LOC,IBD-OYO,CAR,PVT,11/02/2015 07:00,9,4.08006,7.9584899
1000,9/23/2015,WED,KM5-BODE THOMAS,WOV,OYO-OGB,CAR,COMM,11/03/2015 16:00,9,4.0883999,7.9744301
1305,9/24/2015,THU,KM15-IROKO OJOO,"MDV, LOC",IBD-OYO,TRK,COMM,11/17/2015 9:00,9,4.06004,7.9481001
1445,9/24/2015,THU,KM15-IROKO OJOO,"LOC, SPV",IBD-OYO,TRL/ BUS,COMM/ COMM,11/23/2015 5:00,9,4.1017699,8
1755,9/24/2015,THU,KM9-ABA ODO,"LOC, SPV",IBD-OYO,CAR,COMM,12/06/2015 03:00,9,4.1174302,8.0326996
1250,9/26/2015,SAT,KM11-KARA OJOO,"SPV, LOC",OYO-IBD,CAR,PVT,11/17/2015 2:00,9,4.0480599,7.9403901
850,9/27/2015,SUN,KM2,BRF,OGB-OYO,TRK/ MC/ MC/ MC,PVT/ COMM/ COMM/ COMM,11/01/2015 10:00,9,3.9221001,7.6523499
1540,9/27/2015,SUN,KM10-AROJE,"SPV, TBT",OGB-ILN,BUS,COMM,11/30/2015 4:00,9,3.90974,7.5379
100,9/30/2015,WED,KM13,"DGD, SPV",OGB-OYO,TRK/ TRK,COMM/ COMM,10/04/2015 04:00,9,3.93327,7.52601
1600,06/10/2015,TUE,KM4-AGRIC,"SPV, BRF",OGB-OYO,TRK,COMM,8/15/2015 16:00,6,3.9133101,7.4954
1030,07/10/2015,WED,KM25-ABUDUKA AREA,"SPV, TBT",OGB-ILN,BUS,COMM,8/21/2015 22:00,7,3.9001701,7.3705602
2046,10/13/2015,TUE,KM10-ODO-OBA ,"SPV,TBT",OGB-OYO,BUS,COMM,01/06/2016 06:00,10,3.89533,7.3859801
1535,10/14/2015,WED,KM15-IJAWAYA,WOV,OYO-OGB,MC/  BUS,PVT/     COMM,12/16/2015 23:00,10,3.8990099,7.4140801
1230,10/15/2015,THU,KM8-TOSE,"SPV,LOC",IBD-OYO,BUS/   MC,COMM/  COMM,12/05/2015 06:00,10,3.90991,7.4373102
650,10/17/2015,SAT,KM17-ELEGA AREA,DGD,OGB-OYO,BUS/   P.UP,COMM/ COMM,11/13/2015 2:00,10,3.914,7.4647498
900,10/25/2015,SUN,KM2-OWODE,RTV,OYO-IBD,CAR/   CAR,PVT/    COMM,12/01/2015 12:00,10,3.90871,7.5760398
1435,10/26/2015,MON,KM4-AJE IYA AREA,"SPV,WOT",OGB-OYO,BUS/   TRK,COMM/ COMM,12/24/2015 19:00,10,3.9181499,7.6170301
956,06/11/2015,FRI,GBEDE AREA,"TBT,SPV",OGB-ILN,SUV,PVT,7/20/2015 20:00,6,3.97263,7.7214398
745,07/11/2015,SAT,KM2-OWODE,RTV,OYO-OGB,P.UP/  TRK,COMM/  COMM,08/11/2015 01:00,7,4.2026801,8.0919504
1250,11/21/2015,SAT,KM12,SPV,OYO-IBD,TNK,PVT,01/12/2016 02:00,11,4.2221298,8.1129904
1625,11/21/2015,SAT,KM8-KARA,SPV,IBD-OYO,CAR/    MC,PVT/  COMM,1/27/2016 17:00,11,4.15696,8.0612602
1750,11/27/2015,FRI,KM10-SEKONA AREA,"WOT,  SPV",OGB-OYO,TNK/   TRK/   BUS/    CAR/  MC,COMM/  COMM/ COMM/   COMM/   PVT,02/07/2016 22:00,11,4.1875701,8.08286
630,11/30/2015,MON,KM12-AGRIC AREA,"LOC,SPV",OGB-OYO,P.UP,COMM,12/26/2015 6:00,11,4.25351,8.1530399
420,01/12/2015,TUE,KM14-ILU AJIBOYE AREA,"LOC, DOT",OGB-OYO,BUS/  TRK,COMM/  COMM,1/29/2015 12:00,1,4.2449002,8.1373901
615,03/12/2015,THU,KM11-IJAWAYA VILLAGE,WOV,OYO-OGB,BUS,COMM,04/06/2015 15:00,3,4.2667098,8.1788502
2215,05/12/2015,SAT,KM2-OLIVET,DGD,OYO-IBD,MC,COMM,08/12/2015 07:00,5,4.2955699,8.23524
1150,12/15/2015,TUE,KM5-OWODE,SPV,OYO-OGB,CAR/     TRK,PVT/    COMM,1/31/2016 22:00,12,4.2725301,8.1902103
700,12/21/2015,MON,ATIBA LGA,WOV,OYO-OGB,BUS,COMM,1/19/2016 4:00,12,4.2876501,8.2197599
1000,12/21/2015,MON,KM13-IGBON EXPRESS AREA,"LOC, SPV",OGB-ILN,TNK/    BUS,COMM/    COMM,1/31/2016 16:00,12,4.3031402,8.2488298
1651,12/24/2015,THU,KM13-LAUTEC EXPRESS AREA,"SPV,LOC",OGB-ILN,BUS,COMM,03/01/2016 19:00,12,4.3456302,8.2980003
1700,12/30/2015,WED,IJAWAYA,SPV,OYO-OGB,TNK/    TNK,COMM/  COMM,03/09/2016 20:00,12,4.32446,8.2810402
1230,03/01/2016,SUN,KM15-ODO OBA,"SPV, WOV",OGB-OYO,CAR/  TRL,PVT/   COMM,4/21/2016 6:00,3,4.36659,8.3073902
1755,03/01/2016,SUN,KM3-LAREK FUEL/S,BFL. LOC,OGB-OYO,MC/  MC,COMM/  COMM,5/13/2016 3:00,3,4.3903399,8.3151503
1305,07/01/2016,THU,KM5,RTV,OYO-OGB,MC,COMM,8/24/2016 9:00,7,4.4179902,8.3345404
1009,09/01/2016,SAT,KM12-LAWYER VILLAGE,WOV,OYO-OGB,TRK/     TRK,COMM/   COMM,10/13/2016 1:00,9,4.4418101,8.3668699
1030,10/01/2016,SUN,KM13-LAWYER VILLAGE,WOV,OYO-OGB,BUS/       CAR,COMM/   PVT,11/12/2016 22:00,10,4.42693,8.3488903
1600,10/01/2016,SUN,KM30-ODO OBA,"SPV,WOV",OGB-OYO,BUS,PVT,12/06/2016 16:00,10,4.4643698,8.3941097
705,1/16/2016,SAT,KM10-IJAWAYA,DGD,OYO-OGB,TRL,COMM,2/14/2016 9:00,1,4.4509401,8.3779001
520,1/17/2016,SUN,KM23,"BFL,LOC",OGB-OYO,BUS/     TRL/    TRL,COMM/       COMM/   COMM,02/07/2016 16:00,1,4.4755402,8.4076099
1350,1/17/2016,SUN,KM8-MARYLAND BRIDGE,"SPV, TBT",OGB-ILN,CAR,PVT,3/13/2016 6:00,1,4.4939699,8.42939
1043,1/18/2016,MON,KM8-MUTLAD FUEL/STATION,"DGD, SPV",IBD-OYO,MC/      TRL,COMM/  COMM,03/01/2016 11:00,1,4.5130601,8.4513903
1010,1/22/2016,FRI,KM7.5- DEEPER LIFE CAMP,"TBT,SPV",IBD-OYO,BUS,COMM,03/04/2016 02:00,1,4.5392699,8.4815702
1228,1/23/2016,SAT,KM1-IREPO JCTN,RTV,OYO-IBD,P.UP/   MC,PVT/  COMM,3/14/2016 4:00,1,4.5499701,8.4904804
1434,1/28/2016,THU,ORILEIGBON POLICE STATION,"SPV,TBT",OGB-ILN,CAR,COMM,3/27/2016 18:00,1,4.52175,8.4613895
935,02/02/2016,TUE,KM11-IBAPON VILLAGE,"SPV,WOV",OGB-OYO,CAR/  TNK/    CAR,PVT/   COMM/    PVT,03/11/2016 23:00,2,4.26091,8.1674995
1110,03/02/2016,WED,KM13-LAWYER VILLAGE,"WOV, FIRE",OYO-OGB,BUS/    BUS,COMM/  COMM,4/17/2016 6:00,3,4.0959601,7.9888701
1645,08/02/2016,MON,KM15-MOTUNDE,"TBT,SPV, LOC",OYO-IBD,BUS,GOVT,10/09/2016 13:00,8,4.1107998,8.0188398
121,12/02/2016,FRI,KM2-AJEGUNLE,WOV,OYO-OGB,TRK/    P.UP,COMM/    COMM,12/07/2016 01:00,12,4.1217399,8.0416899
223,12/02/2016,FRI,KM15-OWOYO,WOV,OYO-OGB,TRK/    P.UP,COMM/    COMM,12/11/2016 07:00,12,4.0618901,7.6754498
625,2/14/2016,SUN,KM15-OWEYO,SLV,OYO-OGB,TRL,COMM,03/11/2016 01:00,2,4.0816598,7.6938801
1450,2/20/2016,SAT,6.5KM FROM IBD,"TBT, LOC",OYO-IBD,BUS,COMM,4/20/2016 10:00,2,4.0893502,7.6750302
735,2/22/2016,MON,KM3-MOBIL FUEL/S,SLV,OYO-IBD,TRL/     TRL,COMM/  COMM,3/23/2016 15:00,2,4.0395002,7.6891799
705,04/03/2016,FRI,KM15-AROJE,"SPV,TBT",OGB-ILN,BUS,COMM,05/02/2016 09:00,4,4.04285,7.7300801
1214,06/03/2016,SUN,KM13-OOLO,SPV,OGB-OYO,BUS/   CAR,COMM/   PVT,7/23/2016 14:00,6,4.0171599,7.7707601
1724,10/03/2016,THU,KM20-ILEMO,TYB,OGB-OYO,BUS,COMM,12/13/2016 20:00,10,3.99616,7.7880802
1026,3/13/2016,SUN,13KM-ODOOBA,BFL,OGB-OYO,BUS,COMM,4/24/2016 18:00,3,3.9655399,7.8154898
1115,3/17/2016,THU,KM 13 IGBON,WOV,OGB-ILN,CAR/TRK,PVT/COMM,05/02/2016 11:00,3,3.9449,7.82936
730,3/21/2016,MON,KM13-OLOO,SPV,OGB-OYO,MC,COMM,4/20/2016 10:00,3,4.0071902,7.88412
1315,3/21/2016,MON,KM9-FROM OYO,WOV,OYO-OGB,TRL/TRL/TRL,COMM/COMM/COMM,5/14/2016 19:00,3,4.5286298,8.4693203
1726,3/28/2016,MON,4KM-AWOYAYA OGBOMOSO,SPV,OGB-OYO,MC/MC,COMM/COMM,06/07/2016 22:00,3,4.4854398,8.41957
1520,02/04/2016,SAT,KM3-AGRIC OGBOMOSO,WOV,OGB-OYO,BUS,COMM,04/07/2016 08:00,2,4.3762102,8.3101501
758,05/04/2016,TUE,"KM5-NTA JCTN, OGBOMOSO",SPV/BRF,OGB-ILN,BUS,COMM,06/04/2016 14:00,5,4.33289,8.2877903
706,08/04/2016,FRI,KM13-IGBON OGBOMOSO,SPV,OGB-ILN,CAR,PVT,09/02/2016 10:00,8,4.3071599,8.2560501
1722,4/13/2016,WED,KM1-AWE JCTN,RTV,OYO-OGB,MC/      CAR,PVT/  PVT,6/23/2016 18:00,4,4.2955699,8.23524
2315,4/14/2016,THU,KM12-AROJE EXPRESS,"SPV,ESE",OGB-ILN,BUS/   TRK/   BUS,COMM/  COMM/  COMM,7/19/2016 11:00,4,4.2876501,8.2197599
1212,4/16/2016,SAT,KM4-CUSTOM,WOV,OYO-OGB,BUS/  TRL,COMM/    COMM,06/05/2016 12:00,4,4.2725301,8.1902103
1130,4/19/2016,TUE,KM10-KAKA,"WOV,SPV",OYO-IBD,CAR,COMM,06/05/2016 02:00,4,4.26091,8.1674995
1520,4/19/2016,TUE,KM3-TAKIE GARAGE R/ABOUT,BFL/LOC,OGB-OYO,CAR/  TNK/   CAR/   MC/       MC/        MC/        MC,PVT/     COMM/        COMM/             COMM/     COMM/     COMM/       COMM,6/21/2016 8:00,4,4.2449002,8.1373901
1120,4/20/2016,WED,KM1.5,WOV,OGB-OYO,BUS,PVT,06/05/2016 16:00,4,4.2119699,8.1020002
1350,4/20/2016,WED,IJAWAYA,RTV,OYO-OGB,MC/     MC,PVT/     PVT,6/15/2016 6:00,4,4.14539,8.0577202
805,4/26/2016,TUE,KM19-ALAIDAN,MDV,OYO-OGB,TRK,COMM,5/29/2016 13:00,4,4.1630502,8.0662498
2110,4/26/2016,TUE,KM4-ATIBA LGA,SPV,OYO-OGB,TNK,COMM,7/22/2016 22:00,4,4.3551402,8.3032799
120,4/30/2016,SAT,KM4-TAKI,"BFL, LOC",OGB-OYO,TNK,COMM,05/05/2016 00:00,4,4.3613501,8.3058796
505,4/30/2016,SAT,KM3-AHOYAYA,LOC,OGB-OYO,TNK,COMM,5/21/2016 1:00,4,4.3499298,8.3003902
2200,02/05/2016,MON,KM4-RCC,"ESE, SPV",IBD-OYO,TRK/       CAR,COMM/    PVT,05/06/2016 16:00,2,4.33884,8.2925596
1050,03/05/2016,TUE,KM25.5-MOTUNDE AREA,"TBT,SPV",IBD-OYO,BUS,GOVT,4/17/2016 18:00,3,4.33289,8.2877903
905,09/05/2016,MON,KM5-AGBOYE VILLAGE,DGD,OYO-OGB,TRL,COMM,10/12/2016 17:00,9,4.3207798,8.2764196
738,10/05/2016,TUE,KM9-ABOGUNDE AREA,"SPV, LOC",OGB-ILN,BUS,COMM,11/04/2016 18:00,10,4.4145699,8.3307199
654,12/05/2016,THU,KM5-AGRIC,"SLV,LOC",OGB-OYO,P.UP,COMM,01/01/2017 06:00,12,4.42243,8.3416595
2005,5/16/2016,MON,KM3.5- AJEIYA,WOV,OGB-OYO,P.UP,COMM,08/07/2016 13:00,5,4.4105,8.3261805
2156,5/18/2016,WED,KM8- OOLO,LOC,OGB-OYO,P.UP/    BUS,COMM/  COMM,8/15/2016 20:00,5,4.39645,8.3173103
835,5/19/2016,THU,KM15-IJAWAYA,WOV,OYO-OGB,BUS/    TRK,COMM/   COMM,6/22/2016 19:00,5,4.38517,8.3133202
903,5/20/2016,FRI,KM4-AGRIC ,LOC,OGB-OYO,TRK,COMM,6/26/2016 15:00,5,3.891,7.3997502
1205,5/20/2016,FRI,KM7-OODO OBA,WOV,OGB-OYO,TRK/     TNK/         MC,COMM/  COMM/    COMM,07/09/2016 05:00,5,3.9082,7.4262199
1250,5/22/2016,SUN,KM10.5- ABA ODO,"SPV,LOC",IBD-OYO,TRL,COMM,7/13/2016 2:00,5,3.91593,7.5131602
2045,5/22/2016,SUN,KM3-OLIVET HOSP,SPV,OYO-IBD,TRL,COMM,8/15/2016 5:00,5,3.91466,7.5909901
1310,5/25/2016,WED,KM1-OYO EAST LG,DGD,OYO-OGB,TRL/   MC,COMM/  COMM,7/18/2016 14:00,5,3.9226,7.63765
1338,5/25/2016,WED,KM19-FIDITI,SPV,OYO-IBD,TRL,COMM,7/19/2016 18:00,5,3.9163499,7.6939998
915,5/28/2016,SAT,KM-BODE THOMAS,WOV,OYO-OGB,TNK,COMM,07/05/2016 03:00,5,3.9225199,7.75137
1222,5/29/2016,SUN,KM1-OURBA,SPV,OYO-OGB,BUS/     MC,COMM/  COMM,7/18/2016 22:00,5,3.9372799,7.83181
1229,03/06/2016,FRI,KM25-IPEBA,WOV,OYO-OGB,BUS/    SUV/    TNK,COMM/   PVT/     COMM,4/26/2016 5:00,3,3.9438601,7.8669701
1225,04/06/2016,SAT,KM1-OWODE,WOV,OYO-OGB,TRL/     TRL/       BUS/       BUS,COMM/   COMM/   COMM/  COMM,5/27/2016 1:00,4,4.0156298,7.9195199
604,08/06/2016,WED,KM11-ITAMAYA,WOV,OGB-OYO,TRL/      TRL/    U.UP,COMM/  COMM/   COMM,8/31/2016 4:00,8,4.1345401,8.0544004
1805,08/06/2016,WED,KM1-OYO EAST LG,WOV,OYO-OGB,TRL/     BUS/    MC,COMM/   COMM/  PVT,10/20/2016 5:00,8,4.2328801,8.1246204
802,09/06/2016,THU,KM1-OGBOMOSO HIGH SCH,"WOV,LOC",OGB-OYO,P.UP/         P.UP/    MC,COMM/    COMM/       COMM,10/09/2016 10:00,9,4.31323,8.2669401
716,6/17/2016,FRI,KM10-EL EKARA,MDV,OYO-IBD,TRL,COMM,7/16/2016 20:00,6,4.4053702,8.3204603
1325,6/18/2016,SAT,KM13-ABA LAWYER,"SPV, WOV",OYO-OGB,TRL/     TNK/    TNK,COMM/  COMM/ COMM,08/12/2016 05:00,6,4.5041399,8.4411001
2205,6/18/2016,SAT,KM7-OJA AGBE,DGD,IBD-OYO,CAR/    MC/    MC  ,PVT/  COMM/  COMM,9/17/2016 21:00,6,4.2785201,8.20191
658,6/21/2016,TUE,KM5-CUSTOM ,WOV,OYO-OGB,TNK/   TNK,COMM/  COMM,7/18/2016 10:00,6,4.1715999,8.0732603
2130,6/27/2016,MON,KM11-AROJE,WOV,OGB-ILN,BUS/       MC,PVT/   PVT,9/23/2016 18:00,6,3.98103,7.80163
1625,6/28/2016,TUE,AJEGUNLE,WOV,OYO-OGB,P.UP/     MC,COMM/  COMM,09/03/2016 17:00,6,4.0668702,7.71386
1445,6/29/2016,WED,KM5 AGRIC ODOOBA,WOV,OGB-ILN,TRK/       TRK,COMM/  COMM,8/28/2016 5:00,6,3.95486,7.7192898
539,11/07/2016,MON,KM5-AGRIC,SPV,OGB-OYO,P.UP,COMM,11/29/2016 11:00,11,3.91259,7.4547701
1118,7/13/2016,WED,KM4-SEKONA,WOT,OGB-OYO,CAR/   SUV,PVT/  PVT,8/28/2016 14:00,7,3.91589,7.4781699
1058,7/14/2016,THU,KM12-LAWYER VILLAGE,WOV,OYO-OGB,TNK/    TRK,COMM/  COMM,8/27/2016 2:00,7,3.8963799,7.5360298
2239,7/18/2016,MON,KM2-HIGH SCH,"SOS,FIRE",OGB-OYO,TNK/    CAR/   CAR/    P.UP/   P.UP,COMM/     PVT/  COMM/    COMM/    COMM,10/19/2016 7:00,7,3.9093001,7.5542798
910,7/21/2016,THU,KM24,SLV,OYO-IBD,TRK/  CAR,COMM/  PVT,8/27/2016 22:00,7,3.91645,7.6091499
1510,7/23/2016,SAT,KM5-AGRIC AREA,WOV,OGB-OYO,CAR/    SUV,PVT/  PVT,9/23/2016 22:00,7,3.9126,7.6716299
1418,7/24/2016,SUN,KM1-OYO EAST LG,WOV,OYO-OGB,SUV/  MC,PVT/   PVT,9/21/2016 2:00,7,3.9182301,7.7175899
945,7/31/2016,SUN,KM7-OODO OBA,WOV,OGB-OYO,CAR,PVT,09/08/2016 09:00,7,3.9362299,7.71457
845,06/08/2016,SAT,KM5-AGBOYE VILLAGE,WOV,OYO-OGB,CAR/    SUV,COMM/  PVT,7/13/2016 5:00,6,3.98874,7.7177701
718,07/08/2016,SUN,KM13-JOBELE,WOV,OYO-IBD,BUS,PVT,08/06/2016 22:00,7,4.0046701,7.7049499
1045,07/08/2016,SUN,KM4-ILE ABU,WOV,OGB-OYO,TNK/   MC,COMM/   COMM,8/20/2016 13:00,7,4.0254202,7.6987901
730,08/08/2016,MON,KM5-WINNER AROUND ABOUT,SLV,OGB-ILN,P.UP/   MC,COMM/   COMM,09/07/2016 10:00,8,4.0480399,7.68644
1407,09/08/2016,TUE,KM4-SEKONA,SLV,OGB-OYO,P.UP/   TRL,COMM/   COMM,11/05/2016 15:00,9,4.08216,7.67803
1630,10/08/2016,WED,KM15-ALAIDAN VILL,MDV,OYO-OGB,TNK,COMM,12/14/2016 22:00,10,4.07517,7.7069502
814,8/20/2016,SAT,KM14-AROJE,"SLV, TBT",OGB-ILN,BUS,COMM,9/22/2016 22:00,8,4.0520802,7.72574
1255,8/20/2016,SAT,KM8-TOKUN ,WOV,OYO-OGB,TRL,COMM,10/11/2016 07:00,8,4.0520802,7.72574
1430,8/20/2016,SAT,KM4-ADISA JCTN,TBT,OYO-IBD,CAR,PVT,10/18/2016 14:00,8,4.03372,7.7427101
2140,8/20/2016,SAT,KM10-ISALE GENERAL,DGD,OGB-ILN,MC,PVT,11/17/2016 4:00,8,4.0221,7.7602901
1001,8/21/2016,SUN,KM5-AKINYELE,BFL,IBD-OYO,TRL/   BUS/   BUS,COMM/  COMM/  COMM,10/01/2016 17:00,8,4.0221,7.7602901
1255,8/21/2016,SUN,KM3,WOV,OYO-OGB,TRL/    BUS,COMM/ COMM,10/12/2016 07:00,8,4.0091801,7.78163
1918,8/25/2016,THU,KM12-ODO OBA,WOV,OGB-OYO,BUS/  TNK,COMM/  COMM,11/12/2016 22:00,8,3.95804,7.8222098
1145,8/26/2016,FRI,KM20-FIDITI BRIDGE,WOV,OYO-IBD,CAR,PVT,10/12/2016 17:00,8,3.91682,7.8113098
1700,8/27/2016,SAT,TOSE,WOV,IBD-OYO,BUS,COMM,11/05/2016 20:00,8,3.91781,7.7855902
1625,8/29/2016,MON,KM3-ATIBA LG,WOV,OYO-OGB,BUS/  P.UP,COMM/   PVT,11/04/2016 17:00,8,3.89554,7.8003602
1717,8/30/2016,TUE,KM2-SARADE,WOV,OYO-IBD,TRL/    MC,COMM/  COMM,11/09/2016 13:00,8,3.9214101,7.7712798
1010,02/09/2016,FRI,KM13-LAWYER VILLAGE,SPV,OYO-OGB,BUS,COMM,3/22/2016 2:00,2,3.9266901,7.8238502
630,03/09/2016,SAT,KM3-AOYAYA JCTN,WOV,OGB-OYO,TNK/    BUS,COMM/  COMM,04/04/2016 06:00,3,3.91887,7.8365102
1830,07/09/2016,WED,KM4-AGRIC ,"SPV,WOV",OGB-OYO,TNK/  TRL,COMM/  COMM,9/23/2016 6:00,7,3.9221699,7.8495102
620,08/09/2016,THU,KM4.5-OWOLAKE,SPV,OGB-OYO,TRL,COMM,09/03/2016 20:00,8,3.96508,7.8818102
700,11/09/2016,SUN,AKINYELE TRAILER PARK,"SPV, SOS",OYO-IBD,BUS/   TRL,COMM/  COMM,12/08/2016 04:00,11,3.93098,7.8586602
1700,9/16/2016,FRI,KM10-TOKUN VILLAGE,RTV,OYO-OGB,BUS/   BUS,COMM/  COMM,11/25/2016 20:00,9,3.95316,7.8392
810,9/18/2016,SUN,KM13-LAWYER VILLAGE,SPV,OYO-OGB,BUS,COMM,10/21/2016 18:00,9,3.9898701,7.8681202
940,9/19/2016,MON,KM5-ILE ABU ODO-OBA,"SPV,TBT",OGB-OYO,BUS,COMM,10/28/2016 4:00,9,3.9721401,7.8398099
1449,9/21/2016,WED,KM13-LAWYER VILLAGE,WOV,OYO-OGB,TRL,COMM,11/20/2016 9:00,9,3.9740901,7.85466
34,9/22/2016,THU,KM5-ILE ABU ODO-OBA,"DGD, FIRE",OGB-OYO,BUS/  TNK/   TRL,COMM/  COMM/   COMM,9/23/2016 10:00,9,4.0026002,7.87676
705,9/24/2016,SAT,KM13-LAWYER VILLAGE,SPV,OYO-OGB,TRL,COMM,10/23/2016 9:00,9,4.0152102,7.90413
1100,9/25/2016,SUN,"KM5-NTA JCTN, OGBOMOSO",SPV,OGB-ILN,CAR,PVT,11/09/2016 20:00,9,3.9880099,7.8997102
1155,9/25/2016,SUN,KM1-GASLAND,RTV,OYO-IBD,CAR/   MC,PVT/  COMM,11/12/2016 03:00,9,3.9880099,7.8997102
1340,9/29/2016,THU,"KM5-NTA JCTN, OGBOMOSO",SPV,OGB-ILN,CAR/  MC,PVT/  PVT,11/23/2016 20:00,9,3.95698,7.8759599
1329,01/10/2016,SAT,KM10-OOLOOGB,SPV,OGB-OYO,TRL/   P.UP,COMM/ COMM,03/05/2016 09:00,1,3.9991701,7.9088602
600,04/10/2016,TUE,KM5-ODO OBA,SPV,OGB-OYO,BUS,PVT,05/05/2016 00:00,4,4.0331202,7.9307799
1630,08/10/2016,SAT,KM10-OOLOOGB,SPV,OGB-OYO,BUS/   TNK,COMM/   COMM,10/16/2016 22:00,8,4.08006,7.9584899
230,10/10/2016,MON,KM3-AGRIC AREA,WOV,OGB-OYO,BUS/    TRL,PVT/   COMM,10/19/2016 14:00,10,4.0883999,7.9744301
1005,10/14/2016,FRI,KM5-ELEKARA,DGD,OYO-IBD,TNK,COMM,11/24/2016 21:00,10,4.06004,7.9481001
955,10/15/2016,SAT,KM1,DGD,OYO-OGB,MC,PVT,11/23/2016 19:00,10,4.1017699,8
1620,10/16/2016,SUN,KM10-OOLOOGB,TBT,OGB-OYO,CAR,PVT,12/22/2016 12:00,10,4.1174302,8.0326996
915,10/18/2016,TUE,KM5-ELEKARA,TBT,OYO-IBD,CAR/  TRK,PVT/  COMM,11/25/2016 3:00,10,4.0480599,7.9403901
1015,10/19/2016,WED,KM19-ALAGBON VILLAGE,SPV,OYO-OGB,TNK,COMM,11/30/2016 7:00,10,3.9221001,7.6523499
1930,10/21/2016,FRI,KM5-ILU  ABU NEAR ODO OBA,WOV,OGB-OYO,BUS/  TRL,COMM/  COMM,01/09/2017 10:00,10,3.90974,7.5379
801,10/28/2016,FRI,KM1-OJOO BY TOTAL,RTV,OYO-IBD,CAR/   MC,COMM/     NA,11/30/2016 9:00,10,3.93327,7.52601
1105,10/29/2016,SAT,KM4-AGRIC ,WOV,OGB-OYO,MC/            TRL,PVT/                 COMM,12/14/2016 1:00,10,3.9133101,7.4954
1040,10/30/2016,SUN,KM2-DANGOTE JCTN,WOV,OYO-IBD,MC/   TNK,PVT/       COMM,12/12/2016 08:00,10,3.9001701,7.3705602
1140,10/30/2016,SUN,KM13-FIDITI VILLAGE,TBT,OYO-IBD,BUS/       CAR/     CAR/     CAR/     BUS,GOVT/               PVT/   PVT/  PVT/    COMM,12/16/2016 12:00,10,3.89533,7.3859801
1610,10/30/2016,SUN,KM3-SABO JCTN,OVL,OYO-OGB,BUS/    TRK,COMM/  COMM,01/05/2017 02:00,10,3.8990099,7.4140801
1615,06/11/2016,SUN,BOVAS FUEL STATION,TBT,OYO-IBD,SUV,PVT,8/17/2016 7:00,6,3.90991,7.4373102
1730,09/11/2016,WED,KM19-FIDITI,SPV,OYO-IBD,BUS,COMM,11/22/2016 2:00,9,3.914,7.4647498
830,12/11/2016,SAT,KM10-IITA,TBT,IBD-OYO,MC,COMM,1/14/2017 14:00,12,3.90871,7.5760398
630,11/17/2016,THU,KM10-AGBOYE,DAD,OYO-OGB,BUS/     TRL,COMM/   COMM,12/13/2016 6:00,11,3.9181499,7.6170301
1630,11/17/2016,THU,KM10-OOLO BRIDGE,WOV,OGB-OYO,MC/   TNK,COMM/  COMM,1/23/2017 22:00,11,3.97263,7.7214398
630,11/23/2016,WED,KM6-TOKUN VIAGE,SPV,OYO-OGB,BUS,COMM,12/19/2016 6:00,11,4.2026801,8.0919504
1620,11/25/2016,FRI,KM4-CUSTOM,WOV,OYO-OGB,TNK/    TRL,COMM/  COMM,1/31/2017 12:00,11,4.2221298,8.1129904
1205,11/29/2016,TUE,KM10-ABALAWYER,SPV,OYO-OGB,TRK,COMM,1/18/2017 5:00,11,4.15696,8.0612602
1540,11/29/2016,TUE,KM10-IPEBA,SPV,OGB-OYO,CAR/    P.UP,PVT/   COMM,02/01/2017 04:00,11,4.1875701,8.08286
629,11/30/2016,WED,KM13-JOBELE,MDV,OYO-IBD,TRL/   MC,COMM/  PVT,12/26/2016 5:00,11,4.25351,8.1530399
1325,02/12/2016,FRI,KM3-AGRIC AREA,WOV,OGB-OYO,MC/     MC,COMM/   COMM,04/07/2016 05:00,2,4.2449002,8.1373901
1625,02/12/2016,FRI,ONIDUDU AREA,"WOV,   SPV",OYO-IBD,CAR/      CAR/     BUS,PVT/       PVT/      COMM,4/19/2016 17:00,2,4.2667098,8.1788502
1723,05/12/2016,MON,KM13-JOBELE,SPV,OYO-IBD,BUS,COMM,7/22/2016 19:00,5,4.2955699,8.23524
708,07/12/2016,WED,KM5-AGBEOYE,SPV,OYO-OGB,CAR,COMM,08/10/2016 12:00,7,4.2725301,8.1902103
1707,10/12/2016,SAT,KM6-AGBOYE,WOV,OYO-OGB,TRL/     BUS/    BUS,COMM/   COMM/  COMM,12/22/2016 3:00,10,4.2876501,8.2197599
1620,11/12/2016,SUN,KM11-IJAWAYA,WOV,OYO-OGB,BUS/  BUS,COMM/  COMM,1/18/2017 12:00,11,4.3031402,8.2488298
1830,12/15/2016,THU,KM5-AGRIC,DOT,OGB-OYO,TRK/    MC,COMM/   COMM,03/01/2017 06:00,12,4.3456302,8.2980003
639,12/16/2016,FRI,KM4-TOTAL FUEL/S,SPV,OGB-OYO,BUS,COMM,01/11/2017 15:00,12,4.32446,8.2810402
1503,12/19/2016,MON,KM2-ISDI IGBA,WOV,OYO-IBD,TRL/   CAR,COMM/   PVT,2/19/2017 15:00,12,4.36659,8.3073902
706,12/24/2016,SAT,KM19-FIDITI,WOV,OYO-IBD,BUS/    TRL,COMM/   COMM,1/22/2017 10:00,12,4.3903399,8.3151503
730,12/25/2016,SUN,KM5-IBAPON AGRIC AREA,DOT,OGB-OYO,TRK/    TRK/    BUS,COMM/   COMM/    PVT,1/24/2017 10:00,12,4.4179902,8.3345404
1409,12/28/2016,WED,KM1-OJOO UNDER BRIDGE,FTQ,IBD-OYO,P.UP,COMM,2/24/2017 17:00,12,4.4418101,8.3668699
1303,08/01/2017,SUN,KM5-TAKIE,BFL,OGB-ILN,TRK/  BUS,COMM/   COMM,9/24/2017 7:00,8,4.42693,8.3488903
1040,1/14/2017,SAT,15KM-ODO OBA,BFL,OGB-OYO,BUS,COMM,2/26/2017 8:00,1,4.4643698,8.3941097
406,1/18/2017,WED,KM11-LAWYER ,SPV,OYO-OGB,P.UP,PVT,02/03/2017 22:00,1,4.4509401,8.3779001
541,1/20/2017,FRI,KM25-IPEBA VILLAGE,SPV,OYO-OGB,TNK/  BUS/  TRL,COMM/  COMM/  COMM,02/11/2017 13:00,1,4.4755402,8.4076099
1111,1/26/2017,THU,KM18-ALAIDAN,DGD,OYO-OGB,TRL,COMM,3/13/2017 7:00,1,4.4939699,8.42939
1012,1/28/2017,SAT,KM2-OLIVET,WOV,OYO-IBD,BUS/    MC,COMM/   COMM,03/11/2017 04:00,1,4.5130601,8.4513903
1420,1/29/2017,SUN,KM12-JOBELE,DGD,OYO-IBD,P.UP/  CAR,GOVT/     PVT,3/29/2017 4:00,1,4.5392699,8.4815702
130,1/30/2017,MON,KM3-AJAIYA AREA,DOT,OGB-OYO,P.UP,COMM,02/04/2017 10:00,1,4.5499701,8.4904804
822,04/02/2017,SAT,KM10-ELEKARA,DGD,OYO-IBD,TRL/      CAR,COMM/   PVT,05/06/2017 06:00,4,4.52175,8.4613895
1910,04/02/2017,SAT,KM6-AGRIC AREA,WOV,OGB-OYO,BUS/     TRK,COMM/  COMM,6/20/2017 14:00,4,4.26091,8.1674995
1545,07/02/2017,TUE,DEEPER LIFE JCTN,SPV,OYO-IBD,TRK/    CAR,COMM/   PVT,09/04/2017 09:00,7,4.0959601,7.9888701
1258,12/02/2017,SUN,KM17-OWEYO VILLAGE,DGD,OYO-OGB,TRL/    BUS/     TRK,COMM/   COMM/  COMM,1/23/2018 10:00,12,4.1107998,8.0188398
1550,2/15/2017,WED,KM6-GTB,BFL,OGB-ILN,TRL/  SUV/  CAR/  CAR/  MC/    MC/   MC,COMM/    PVT/   PVT/     PVT/      COMM/    COMM/   COMM,4/20/2017 14:00,2,4.1217399,8.0416899
20,2/16/2017,THU,KM22-ALABON VILLAGE,SPV,OYO-OGB,P.UP,PVT,2/16/2017 20:00,2,4.0618901,7.6754498
1304,2/20/2017,MON,FRSC BASE,BFL,OGB-OYO,P.UP/  CAR,COMM/   PVT,4/15/2017 8:00,2,4.0816598,7.6938801
201,2/22/2017,WED,KM12-JOBELE,SPV,OYO-IBD,TRK,COMM,03/02/2017 09:00,2,4.0893502,7.6750302
930,2/23/2017,THU,KM20HIGH SCH,DOT,OGB-OYO,MC/        CAR,COMM/  NA,04/02/2017 18:00,2,4.0395002,7.6891799
2134,03/03/2017,FRI,KM6-ILE ABU,BFL,OGB-OYO,TRK,COMM,5/30/2017 22:00,3,4.04285,7.7300801
1211,04/03/2017,SAT,KM15-IJAWAYA,SPV,OYO-OGB,TNK,COMM,5/23/2017 11:00,4,4.0171599,7.7707601
1816,10/03/2017,FRI,KM8-OJA WASO,SPV,OGB-ILN,CAR,PVT,12/17/2017 16:00,10,3.99616,7.7880802
1330,3/14/2017,TUE,ISAJOG FUEL/S,SPV,IBD-OYO,TRK,COMM,05/08/2017 10:00,3,3.9655399,7.8154898
2205,3/14/2017,TUE,AKINYELE UNDER BRIDGE,"SPV,RTV",IBD-OYO,TRK/   TRK,COMM/  COMM,6/13/2017 21:00,3,3.9449,7.82936
1322,3/16/2017,THU,KM2-SKYE BANK,WOV,OYO-OGB,TRL/ MC,COMM/  COMM,05/10/2017 02:00,3,4.0071902,7.88412
1430,3/18/2017,SAT,KM1- ST BENNAD,DGD,OYO-OGB,TRL,COMM,5/16/2017 14:00,3,4.5286298,8.4693203
1240,3/26/2017,SUN,KM2-SAW MILL,SPV,OYO-IBD,TRL/    BUS,COMM/  COMM,5/16/2017 16:00,3,4.4854398,8.41957
2031,3/26/2017,SUN,FRSC BASE,SPV,OGB-OYO,MC,COMM,6/18/2017 15:00,3,4.3762102,8.3101501
1830,3/30/2017,THU,KM4-CARETAKER JCTN,DOT,OGB-ILN,TRK/   TRK,COMM/  COMM,6/14/2017 6:00,3,4.33289,8.2877903
2130,01/04/2017,SAT,KM3-SEKONA,SPV,OGB-OYO,TRK/   MC,COMM/  COMM,04/02/2017 18:00,1,4.3071599,8.2560501
1540,06/04/2017,THU,RCC COMPANY,SPV,IBD-OYO,P.UP/    BUS,COMM/   COMM,08/07/2017 04:00,6,4.2955699,8.23524
1710,07/04/2017,FRI,KM1-OJOO AREA,SPV,IBD-OYO,CAR/  MC,PVT/   PVT,9/13/2017 6:00,7,4.2876501,8.2197599
1024,09/04/2017,SUN,KM5-AGBOYE,SPV,OYO-OGB,TRK,COMM,10/16/2017 16:00,9,4.2725301,8.1902103
1540,4/16/2017,SUN,KM3-ACCESS BANK,SPV,OGB-ILN,TNK,COMM,6/19/2017 4:00,4,4.26091,8.1674995
930,4/18/2017,TUE,3KM TO AGRIC-IBAPON,WOV,OGB-OYO,P.UP/    CAR,COMM/  COMM,5/26/2017 18:00,4,4.2449002,8.1373901
1640,4/19/2017,WED,2KM TO AGRIC-IBAPON,SPV,OGB-OYO,CAR/   MC,PVT/  PVT,6/26/2017 8:00,4,4.2119699,8.1020002
2205,4/19/2017,WED,4KM OLOPEMARUN TO FRSC OFFICE,TYB,OGB-ILN,BUS/ TRK,PVT/  COMM,7/19/2017 21:00,4,4.14539,8.0577202
920,4/21/2017,FRI,2KM AWE JUNCTION TO OYO,"WOV,NOC,PVT",OYO-OGB,MC/   TRK,COMM/  COMM  ,5/29/2017 8:00,4,4.1630502,8.0662498
720,4/22/2017,SAT,3KM TO AGRIC-IBAPON,WOV,OGB-OYO,TRK/   TRK,COMM/   COMM,5/22/2017 0:00,4,4.3551402,8.3032799
1158,4/25/2017,TUE,KM5 CUSTOM,WOV,OYO-OGB,TNK/     CAR/    MC,COMM/   PVT/     COMM,06/12/2017 06:00,4,4.3613501,8.3058796
1335,4/25/2017,TUE,KM 12 JOBELE TO OYO,SPV,OYO-IBD,BUS,PVT,6/19/2017 15:00,4,4.3499298,8.3003902
1107,4/26/2017,WED,KM 25 IROKO VILLAGE OYO,WOV,OYO-IBD,BUS,COMM,06/11/2017 03:00,4,4.33884,8.2925596
1707,4/27/2017,THU,KM5 CUSTOM TO OYO,WOV,OYO-OGB,TNK/  TRK/   TRK  ,COMM/    COMM/  COMM,07/07/2017 03:00,4,4.33289,8.2877903
1450,4/29/2017,SAT,4KM ABUDUKA TO ORILE IGBON,SPV,OGB-ILN,BUS,COMM,6/28/2017 10:00,4,4.3207798,8.2764196
840,03/05/2017,WED,KM17 IROKO TO OJO,"SPV,TYY",IBD-OYO,P.UP,COMM    ,04/09/2017 00:00,3,4.4145699,8.3307199
1115,03/05/2017,WED,KM4 TO OYO,"SPV,TYY",IBD-OYO,BUS,COMM,4/20/2017 11:00,3,4.42243,8.3416595
730,04/05/2017,THU,KM8 DANGOTE PARK TO OYO,SPV,OYO-IBD,BUS/   TRK,COMM/    COMM,05/05/2017 10:00,4,4.4105,8.3261805
1129,06/05/2017,SAT,KM2 AJEGUNLE TO OYO,WOV,OYO-OGB,CAR/     MC,PVT/            COMM,7/22/2017 1:00,6,4.39645,8.3173103
2230,07/05/2017,SUN,2KM RCC AREA TO AJAAWA JUNCTION,SPV,OGB-OYO,BUS,COMM,10/05/2017 22:00,7,4.38517,8.3133202
1530,09/05/2017,TUE,5KM OLOO TO ODO-OBA MARKET,BRF,OGB-OYO,TRK/    BUS/        CAR/   BUS/    CAR/  BUS,COMM/     COMM/   PVT/    COMM/    PVT/     COMM   ,11/07/2017 18:00,9,3.891,7.3997502
1230,10/05/2017,WED,2KM BACK OF OJA WASO TO WINNERS CHURCH,SPV,OGB-ILN,TNK,COMM,11/25/2017 6:00,10,3.9082,7.4262199
2205,5/15/2017,MON,KM3 AHOYAYA GARAGE TO BASE,WOV,OGB-ILN,CAR/   CAR,COMM/    PVT,8/14/2017 21:00,5,3.91593,7.5131602
1435,5/16/2017,TUE,KM4 ORIAWO JUNCTION TO OYO,WOV,OYO-OGB,MC/   TRL           ,COMM/    COMM,7/14/2017 19:00,5,3.91466,7.5909901
548,5/21/2017,SUN,5KM BACK OF ALATA FLOUR MILLS TO LAUTECH,SPV,OGB-ILN,BUS,COMM,06/12/2017 20:00,5,3.9226,7.63765
1715,5/22/2017,MON,KM15 ALAIDAN TO OYO,WOV,OYO-OGB,BUS/   MC,COMM/ COMM,08/01/2017 11:00,5,3.9163499,7.6939998
1430,5/25/2017,THUR,KM2 OLOOBRIDGE ,WOV,OGB-OYO,TRK/        TNK,COMM/  COMM,7/23/2017 14:00,5,3.9225199,7.75137
1810,5/27/2017,SAT,2KM 4RM AGRIC AREA- SEKONA,WOV,OGB-OYO,CAR/  CAR,PVT/  PVT,08/10/2017 10:00,5,3.9372799,7.83181
1318,5/28/2017,SUN,KM17-FIDITI,SPV,OYO-IBD,CAR,PVT,7/21/2017 22:00,5,3.9438601,7.8669701
1617,5/28/2017,SUN,KM6-CUSTOM,WOV,OYO-OGB,BUS/   TRK/        TRL,COMM/     PVT/       COMM,08/03/2017 09:00,5,4.0156298,7.9195199
707,03/06/2017,SAT,KM6-CUSTOM,SPV,OYO-OGB,TRL,COMM,04/04/2017 11:00,3,4.1345401,8.0544004
1456,03/06/2017,SAT,KM18-ALAIDAN,SPV,OYO-OGB,P.UP,GOVT,05/05/2017 16:00,3,4.2328801,8.1246204
2002,04/06/2017,SUN,KM1 - FRSC BASE,WOV,OGB-OYO,TNK/     CAR,COMM/   PVT,6/28/2017 10:00,4,4.31323,8.2669401
930,6/17/2017,SAT,KM13-ODO OSUN,WOV,OYO-OGB,TRK/    TRK,COMM/  COMM,7/25/2017 18:00,6,4.4053702,8.3204603
2149,6/22/2017,THU,KM3-HAWOYAYA GRAMMER SCH,WOV,OGB-ILN,BUS/   MC,COMM/   COMM,9/19/2017 13:00,6,4.5041399,8.4411001
730,6/23/2017,FRI,KM8-DANGOTE PARK,SPV,OYO-IBD,BUS/ TRK,COMM/  COMM,7/23/2017 10:00,6,4.2785201,8.20191
1020,6/26/2017,MON,KM21-IPEBA VILLAGE,WOV,OYO-OGB,CAR/   MC,PVT/   PVT,08/07/2017 12:00,6,4.1715999,8.0732603
1600,6/26/2017,MON,KM1-OJOO INTERCHANGE,ROB,IBD-OYO,CAR/      TRK,PVT/  COMM,8/31/2017 16:00,6,3.98103,7.80163
745,03/07/2017,MON,KM8-MONIYA B/STOP,SPV,IBD-OYO,CAR/     TRI,PVT/       COMM,04/07/2017 01:00,3,4.0668702,7.71386
1650,06/07/2017,THU,3KM TO ODO OBA-OLOO,WOV,OGB-OYO,BUS/   MC,PVT/  COMM,8/14/2017 18:00,6,3.95486,7.7192898
1710,7/14/2017,FRI,KM5-CUSTOM ,RTV,OYO-OGB,TRK/  TNK,COMM/  COMM,9/23/2017 6:00,7,3.91259,7.4547701
450,7/15/2017,SAT,2KM TO HIGH SCH- OLOPEMARUN,FTQ,OGB-ILN,TRL,COMM,08/02/2017 18:00,7,3.91589,7.4781699
555,7/16/2017,SUN,3KM 4RM BASE-AKINYELE BRIDGE,"TBT,OVL",IBD-OYO,BUS,COMM,08/08/2017 03:00,7,3.8963799,7.5360298
710,7/21/2017,FRI,3KMRM WINNER-UNDER BRIDGE OJA WASO,RTV,OGB-ILN,CAR/  MC,PVT/  PVT,8/19/2017 14:00,7,3.9093001,7.5542798
2202,7/23/2017,SUN,KM2-AWE JCTN,"DGD,LSV",OYO-OGB,MC/   MC,PVT/   PVT,10/22/2017 18:00,7,3.91645,7.6091499
1112,7/29/2017,SAT,KM16-FIDITI,SPV,OYO-IBD,BUS,COMM,9/13/2017 8:00,7,3.9126,7.6716299
1840,7/29/2017,SAT,4KM 4RM ODOOBA-IBAPON,WOV,OGB-ILN,CAR/    CAR,COMM/    PVT,10/13/2017 16:00,7,3.9182301,7.7175899
2011,7/30/2017,SUN,KM4-MR BIGGS,WOV,OGB-ILN,MC/   MC,COMM/  PVT,10/21/2017 19:00,7,3.9362299,7.71457
1235,03/08/2017,THU,3KM 4RM ODOOBA-ILE ABU,WOV,OGB-OYO,BUS/    TRL/     TRK/   CAR,COMM/   COMM/    COMM/  PVT,4/28/2017 11:00,3,3.98874,7.7177701
1330,03/08/2017,THU,KM4-BODE THOMAS,WOV,OYO-OGB,CAR,PVT,05/02/2017 10:00,3,4.0046701,7.7049499
1130,11/08/2017,FRI,6KM 4RM LAUTECH-GAMBARI,SPV,OGB-ILN,BUS,COMM,12/25/2017 2:00,11,4.0254202,7.6987901
845,12/08/2017,SAT,4KM 4RM HIGH SCH-OLOPE MARUN,WOV,OGB-OYO,TRK/    MC,COMM/  PVT,01/12/2018 05:00,12,4.0480399,7.68644
1228,8/14/2017,MON,KM3-ORIAWO,DGD,OYO-OGB,TNK,COMM,10/04/2017 04:00,8,4.08216,7.67803
2059,8/14/2017,MON,KM2-AWE JCTN,WOV,OYO-OGB,BUS/  MC,COMM/  COMM,11/07/2017 19:00,8,4.07517,7.7069502
1630,8/18/2017,FRI,"KM6-ILE ABU, SEKONA",SPV,OGB-OYO,CAR/  CAR,PVT/   PVT,10/24/2017 22:00,8,4.0520802,7.72574
730,8/23/2017,WED,KM18-FIDITI,SPV,OYO-IBD,SUV,PVT,9/22/2017 10:00,8,4.0520802,7.72574
950,8/30/2017,WED,"KM3- OPP RCC, IDI OSE",SPV,IBD-OYO,MC/    TRL,COMM/  COMM,10/08/2017 14:00,8,4.03372,7.7427101
1043,8/30/2017,WED,KM15-JOBELE,"SPV,OLV",OYO-IBD,BUS,COMM,10/12/2017 11:00,8,4.0221,7.7602901
1445,02/09/2017,SAT,"KM5-POWER LINE, LABI",SPV,IBD-OYO,TNK/       SUV,COMM/  PVT,04/10/2017 05:00,2,4.0221,7.7602901
900,05/09/2017,TUE,3KM 4RM LAUTH-AROJE VILLAGE,SPV,OGB-ILN,BUS/   MC,PVT/  PVT,6/15/2017 12:00,5,4.0091801,7.78163
410,9/17/2017,SUN,KM 3-HIGH SCH JUCT,BRF,OGB-OYO,TRK/   BUS,COMM/    COMM,10/04/2017 02:00,9,3.95804,7.8222098
900,9/24/2017,SUN,6KM FROM IBD-AKINYELE,WOV,OYO-IBD,CAR/      TRK,PVT/  COMM,10/31/2017 12:00,9,3.91682,7.8113098
1330,9/25/2017,MON,KM17-ALAGBON,TBT,OYO-OGB,BUS,COMM,11/19/2017 10:00,9,3.91781,7.7855902
2100,04/10/2017,WED,KM6-OFAMETA,WOV,OYO-OGB,P.UP,COMM,07/06/2017 12:00,4,3.89554,7.8003602
610,10/10/2017,TUE,KM6-BODE THOMAS,"SPV,OBS",OYO-OGB,TNK/   TRL/        BUS,COMM/    COMM/    COMM,11/04/2017 10:00,10,3.9214101,7.7712798
1505,10/10/2017,TUE,KM14-FIDITI,SPV,OYO-IBD,BUS,COMM,12/11/2017 17:00,10,3.9266901,7.8238502
1146,10/17/2017,TUE,KM2-ORIAWO JCTN,SPV,OYO-OGB,TRK,COMM,12/03/2017 18:00,10,3.91887,7.8365102
1255,10/18/2017,WED,KM13.3-ABA LAWYER,SPV,OYO-OGB,BUS,COMM,12/09/2017 07:00,10,3.9221699,7.8495102
1415,02/11/2017,THU,KM13-CUSTOM AREA,WOV,OYO-OGB,BUS/   MC,COMM/  COMM,04/10/2017 23:00,2,3.96508,7.8818102
1020,07/11/2017,TUE,KM21-IDI EMI VILLAGE,BFL,OGB-OYO,TNK/    TNK,COMM/   COMM,8/22/2017 12:00,7,3.93098,7.8586602
1406,11/27/2017,MON,KM12-ALAIDAN VILLAGE,SPV,OYO-OGB,TRK/   TRK,COMM/    COMM,1/24/2018 14:00,11,3.95316,7.8392
428,11/29/2017,WED,KM15-ALAYIN VILLAGE,SOS,OGB-OYO,TNK/     BUS,COMM/    COMM,12/16/2017 20:00,11,3.9898701,7.8681202
944,12/15/2017,FRI,KM33-LAWYER VILLAGE,WOV,OYO-OGB,TRK/  TRK/    CAR,COMM/    COMM/   PVT,1/23/2018 8:00,12,3.9721401,7.8398099
1015,12/18/2017,MON,KM2-PACIFIC ACADEMY,LOC,OYO-OGB,TRK,COMM,1/29/2018 7:00,12,3.9740901,7.85466
445,12/19/2017,TUE,5KM 4RM IBD-DEEPER LIFE,"WOV,OVL",OYO-IBD,TRL,COMM,01/06/2018 13:00,12,4.0026002,7.87676
845,12/20/2017,WED,KM7-OMOTUNDE AREA,MDV,OYO-IBD,TRK,COMM,1/24/2018 5:00,12,4.0152102,7.90413
1340,12/21/2017,THU,KM17-ABA LAWYER,WOV,OYO-OGB,CAR/  CAR,PVT/ COMM,2/14/2018 20:00,12,3.9880099,7.8997102
2040,12/22/2017,FRI,KM12-IBAPON VILLAGE,SPV,OGB-OYO,TRK/   TRK,COMM/  COMM,3/17/2018 0:00,12,3.9880099,7.8997102
1320,12/23/2017,SAT,KM2.5-AJE IYA FUEL STATE,SPV,OGB-OYO,TRL/    CAR,COMM/    PVT,2/16/2018 0:00,12,3.95698,7.8759599
720,12/26/2017,TUE,KM20-AKINYELE TRL PARK,SPV,IBD-OYO,BUS/       TRL,COMM/   COMM,1/25/2018 0:00,12,3.9991701,7.9088602
1300,12/28/2017,THU,KM20-IPEBA VILLAGE,SPV,OGB-OYO,BUS/    TRK/    TRL,PVT/  COMM/   COMM,2/20/2018 4:00,12,4.0331202,7.9307799
1510,12/29/2017,FRI,KM40-OWOYO VILLAGE,WOV,OYO-OGB,TRK/   BUS,COMM/   PVT,03/01/2018 22:00,12,4.08006,7.9584899
1121,03/01/2018,WED,KM7-IBAPON,SPV,OGB-OYO,P.UP,COMM,4/16/2018 17:00,3,4.0883999,7.9744301
1425,04/01/2018,THU,KM2-ODO ASHIPA VILLAGE,WOV,OYO-OGB,TNK/   P.UP/  VAN,COMM/    COMM/   COMM,5/30/2018 9:00,4,4.06004,7.9481001
1650,06/01/2018,SAT,KM3-FED LOW COST HOUSING,WOV,OYO-OGB,TNK/     CAR,COMM/   PVT,08/08/2018 18:00,6,4.1017699,8
325,07/01/2018,SUN,KM5-AGRIC,SPV,OGB-OYO,BUS,PVT,7/14/2018 13:00,7,4.1174302,8.0326996
740,10/01/2018,WED,KM7-DEPEER LIFE AREA,SPV,IBD-OYO,CAR,COMM,10/31/2018 20:00,10,4.0480599,7.9403901
930,10/01/2018,WED,KM5-TOSHE AREA,"SPV,DGD",IBD-OYO,TNK/        BUS,COMM/    GOVT,11/08/2018 18:00,10,3.9221001,7.6523499
1150,12/01/2018,FRI,OLD RD BY BANK JCTN,"SPV,TBT",IBD-OYO,CAR/  CAR,PVT/   PVT,1/17/2019 22:00,12,3.90974,7.5379
1940,1/15/2018,MON,4KM 4RM IBD-NNPC JCTN,"SPV,DGD",OYO-IBD,BUS,COMM,04/05/2018 20:00,1,3.93327,7.52601
1625,1/17/2018,WED,KM10-AROJE EXPRESS,SPV,OGB-ILN,P.UP/      SUV,PVT/   PVT,3/25/2018 17:00,1,3.9133101,7.4954
600,1/22/2018,MON,10KM 4RM IBD-ABE ODO,"SPV,DGD",OYO-IBD,CAR/    BUS/     CAR/      TRL/       TRK/      TRL/   TRL,PVT/    PVT/    COMM/    COMM/       COMM/      COMM/      COMM,2/16/2018 0:00,1,3.9001701,7.3705602
1630,1/24/2018,WED,KM21-BUSARI VILLAGE,"DGD,BRD",OYO-OGB,BUS/    TNK,COMM/  COMM,04/01/2018 22:00,1,3.89533,7.3859801
1705,1/27/2018,SAT,KM12-ISANLA VILLAGE,SPV,OGB-OYO,BUS/    BUS,COMM/  COMM,04/08/2018 01:00,1,3.8990099,7.4140801
752,1/28/2018,SUN,KM4-CUSTOMS AREA,WOV,OYO-OGB,TNK/    MC,COMM/    COMM,2/28/2018 8:00,1,3.90991,7.4373102
900,1/30/2018,TUE,KM1-DURBAR AREA,WOV,OYO-OGB,CAR/    MC,PVT/         COMM,03/08/2018 12:00,1,3.914,7.4647498
910,08/02/2018,THU,KM9-SEKONA,WOV,OGB-OYO,CAR,PVT,09/08/2018 22:00,8,3.90871,7.5760398
355,09/02/2018,FRI,KM17-ONIGARI,WOV,OYO-OGB,TNK/    BUS,COMM/   COMM,9/16/2018 19:00,9,3.9181499,7.6170301
1255,2/14/2018,WED,KM10.3-IDODE VILLAGE,"WOV,SPV",OYO-OGB,BUS/    BUS,COMM/  COMM,04/07/2018 07:00,2,3.97263,7.7214398
1145,2/18/2018,SUN,KM5-ARINKINKIN,SPV,OGB-OYO,MC,COMM,04/06/2018 17:00,2,4.2026801,8.0919504
1730,2/18/2018,SUN,KM12-ELEGA,WOV,OGB-OYO,BUS/   BUS,COMM/  COMM,05/01/2018 02:00,2,4.2221298,8.1129904
1830,2/20/2018,TUE,KM19-ABDUKA,SPV,OGB-ILN,P.UP,COMM,05/07/2018 06:00,2,4.15696,8.0612602
2330,2/20/2018,TUE,KM8-AROJE VILLAGE,SPV,OGB-ILN,TRK,PVT,5/28/2018 2:00,2,4.1875701,8.08286
1032,2/21/2018,WED,KM19.5-GBEDE,SPV,OGB-ILN,TRK,COMM,04/05/2018 00:00,2,4.25351,8.1530399
935,2/24/2018,SAT,KM2-CUSTOM AREA,"DGD,SPV",OYO-OGB,BUS,COMM,04/03/2018 23:00,2,4.2449002,8.1373901
1730,04/03/2018,SUN,KM20-ALAFARA VILL,DGD,OYO-OGB,TNK/   TRL,COMM/  COMM,6/14/2018 2:00,4,4.2667098,8.1788502
1617,10/03/2018,SAT,KM29-MOTUNDE,TBT,OYO-IBD,BUS,COMM,12/09/2018 09:00,10,4.2955699,8.23524
2000,10/03/2018,SAT,KM13-OLOO,WOV,OGB-OYO,P.UP,COMM,12/25/2018 8:00,10,4.2725301,8.1902103
201,12/03/2018,MON,KM9-WINNER CHURCH,NJR,OGB-ILN,TRL/      MC,COMM/   COMM,12/11/2018 09:00,12,4.2876501,8.2197599
1610,3/14/2018,WED,KM13.5-ODO OSUN,"DGD,SPV",OYO-OGB,TNK,COMM,5/20/2018 2:00,3,4.3031402,8.2488298
1136,3/18/2018,SUN,KM4-ILORA BRIDGE 2,"DGD,SPV",OYO-IBD,TNK/    TRL,COMM/   COMM,05/04/2018 08:00,3,4.3456302,8.2980003
1750,3/18/2018,SUN,KM7-DEPEER LIFE AREA,"SPV,DGD",OYO-IBD,BUS,COMM,5/29/2018 22:00,3,4.32446,8.2810402
314,3/21/2018,WED,KM29-IKPEBA VILLAGE,"NJR,SPV",OGB-OYO,BUS,PVT,04/03/2018 02:00,3,4.36659,8.3073902
1750,3/24/2018,SAT,KM7-DEPEER LIFE AREA,"SPV,TBT",OYO-IBD,SUV,PVT,06/04/2018 22:00,3,4.3903399,8.3151503
930,3/25/2018,SUN,KM16-IDODE VILLAGE,WOV,OYO-OGB,SUV/  BUS,PVT/  COMM,05/02/2018 18:00,3,4.4179902,8.3345404
2105,3/27/2018,TUE,KM4-SABO PARK,BFL,OGB-ILN,TRL,COMM,6/22/2018 17:00,3,4.4418101,8.3668699
1725,3/31/2018,SAT,KM18-IDI IGBA VILLAGE,"OBS,DGD",OYO-OGB,TRL/      BUS/    CAR,COMM/   COMM/  COMM,06/10/2018 21:00,3,4.42693,8.3488903
640,02/04/2018,MON,KM4-SAGBE JCTN,RTV,OYO-IBD,TNK/         TRL,COMM/   COMM,03/02/2018 16:00,2,4.4643698,8.3941097
535,03/04/2018,TUE,KM20-ONIGARI,"DGD,SPV",OYO-OGB,TRK,COMM,3/26/2018 7:00,3,4.4509401,8.3779001
1115,03/04/2018,TUE,KM6-AGRIC AREA,SPV,OGB-OYO,BUS/  MC,COMM/  PVT,4/19/2018 11:00,3,4.4755402,8.4076099
1255,07/04/2018,SAT,15KM 4RM IBD-KOLADAISI UNIVERSITY,WOV,OYO-IBD,BUS/     TNK,COMM/   COMM,8/25/2018 7:00,7,4.4939699,8.42939
1010,11/04/2018,WED,KM4.5-OANDO FUEL/S,SPV,OGB-ILN,TRL/   MC,COMM/   COMM,12/16/2018 2:00,11,4.5130601,8.4513903
1327,11/04/2018,WED,KM9-SEKONA,SPV,OGB-OYO,BUS,COMM,12/29/2018 7:00,11,4.5392699,8.4815702
1550,4/17/2018,TUE,KM15-KOLADAISI UNI. AREA,"SPV,TYY",OYO-IBD,BUS,COMM,6/20/2018 14:00,4,4.5499701,8.4904804
1750,4/18/2018,WED,KM4-OLOO POLICE POST ADETUNJI VIL.,WOV,OGB-OYO,CAR/ CAR,PVT/ PVT,6/29/2018 22:00,4,4.52175,8.4613895
1335,4/24/2018,TUE,KM12.2-ABA LAWYER VIL.,"WOV, OBS",OYO-OGB,TRK,COMM,6/18/2018 15:00,4,4.26091,8.1674995
428,4/26/2018,THU,KM13-TAKIE& ASANI VILLAGE,WOV,OGB-OYO,BUS/ TRL,COMM/ COMM,5/13/2018 20:00,4,4.0959601,7.9888701
2337,4/28/2018,SAT,KM6-BEST AHOYAYA GARAGE,WOT,OGB-OYO,MC/ TRL,COMM/ COMM,08/03/2018 09:00,4,4.1107998,8.0188398
1229,01/05/2018,TUE,KM13-OWEYO VILLAGE,WOV,OYO-OGB,TRL/ TRL,COMM/ COMM,2/25/2018 5:00,1,4.1217399,8.0416899
1235,01/05/2018,TUE,KM15-KOLADAISI UNI. AREA,"SPV, DGD",OYO-IBD,TRL,COMM,2/25/2018 11:00,1,4.0618901,7.6754498
735,02/05/2018,WED,KM4-TAKIE FRONT NTA STATION,SLV,OGB-ILN,TNK/ CAR,COMM/ PVT,03/07/2018 15:00,2,4.0816598,7.6938801
2035,02/05/2018,WED,KM7-DEEPER LIFE AREA,"SPV, DGD",OYO-IBD,CAR,COMM,4/30/2018 19:00,2,4.0893502,7.6750302
2124,04/05/2018,FRI,KM21-TAKIE ITAORAN,WOV,OGB-OYO,TNK,COMM,07/02/2018 12:00,4,4.0395002,7.6891799
1813,06/05/2018,SUN,KM6-TAKIE ILE-ABU,WOV,OGB-OYO,TRL/ MC,COMM/ COMM,8/19/2018 13:00,6,4.04285,7.7300801
2020,08/05/2018,TUE,KM4.3-IDI ORI,"WOV, SPV",OYO-OGB,TNK/ BUS/ BUS,COMM/ COMM/ COMM,10/28/2018 4:00,8,4.0171599,7.7707601
1545,09/05/2018,WED,KM6-NNPC OPP. IYANA APAPA,SPV,OYO-IBD,BUS,COMM,11/08/2018 09:00,9,3.99616,7.7880802
1020,5/18/2018,FRI,KM12-ITOKUN,WOV,OYO-OGB,BUS/ BUS/ TNK,COMM/ PVT/ COMM,6/29/2018 12:00,5,3.9655399,7.8154898
2208,5/19/2018,SAT,KM11-ELEGA VILLAGE,SPV,OGB-OYO,TRL,COMM,8/19/2018 0:00,5,3.9449,7.82936
1750,5/20/2018,SUN,KM19-ADETUNJI VILLAGE,SLV,OGB-OYO,TRL/ CAR,COMM/ PVT,7/31/2018 22:00,5,4.0071902,7.88412
1711,5/23/2018,WED,KM1-NTA JCTN AWE,DGD,OYO-OGB,TNK/      P.UP,COMM/  PVT,08/02/2018 07:00,5,4.5286298,8.4693203
730,5/24/2018,THU,KM11-JOBELE,"MDV, SPV",OYO-IBD,TRK/  CAR,COMM/  PVT,6/23/2018 10:00,5,4.4854398,8.41957
910,5/24/2018,THU,"KM9-WAS MKT, BEHIND WINNER",SPV,OGB-ILN,TRK/     TRK,COMM/  COMM,6/30/2018 22:00,5,4.3762102,8.3101501
1645,5/25/2018,FRI,KM20-IJWAYA VILLAGE,"BRD,SPV",OYO-OGB,TRL,COMM,08/01/2018 13:00,5,4.33289,8.2877903
1655,5/29/2018,TUE,KM10-JOBELE,"TBT, SPV",OYO-IBD,BUS,COMM,08/05/2018 23:00,5,4.3071599,8.2560501
131,07/06/2018,THU,KM1-AJEGUNLE MKT,DGD,OYO-OGB,TRL,COMM,07/11/2018 11:00,7,4.2955699,8.23524
1010,10/06/2018,SUN,KM1-TAKIE RBT,WOV,OGB-ILN,TRL/      MC,COMM/      PVT,11/17/2018 2:00,10,4.2876501,8.2197599
1605,10/06/2018,SUN,KM10-IROKO AREA,"SPV,TBT",OYO-IBD,CAR,PVT,12/11/2018 21:00,10,4.2725301,8.1902103
1910,10/06/2018,SUN,KM1.5-LOW COST HSING AREA,"WOV,SPV",OYO-OGB,TRK/      TNK,COMM/   COMM,12/24/2018 14:00,10,4.26091,8.1674995
1700,12/06/2018,TUE,KM8-ROYAL SEED EVENT CENTER,"RTV,TBT",IBD-OYO,MC/       TRK,COMM/  COMM,2/14/2019 20:00,12,4.2449002,8.1373901
940,6/21/2018,THU,AKINYELE AREA,"RTV,TBT",IBD-OYO,TRL,COMM,7/30/2018 4:00,6,4.2119699,8.1020002
2005,6/30/2018,SAT,500M 4RM ALATA FLOUR MILL- ELEGA VILLAGE,SPV,OGB-ILN,TNK/       TNK,COMM/   COMM,9/21/2018 13:00,6,4.14539,8.0577202
1150,07/07/2018,SAT,KM9-FRSC OFFICE,SPV,OGB-OYO,CAR/   CAR,PVT/  PVT,8/23/2018 22:00,7,4.1630502,8.0662498
941,08/07/2018,SUN,KM8-ILORA,DGD,OYO-IBD,CAR/   MC,PVT/ COMM,9/15/2018 5:00,8,4.3551402,8.3032799
940,09/07/2018,MON,KM21.3- ONUGARI VILLAGE,SPV,OYO-OGB,TRL,COMM,10/16/2018 4:00,9,4.3613501,8.3058796
735,10/07/2018,TUE,KM11.3-AGBOYE VILLAGE,DGD,OYO-OGB,TRK,COMM,11/06/2018 15:00,10,4.3499298,8.3003902
1405,10/07/2018,TUE,KM3-OLIVET G/SCH AREA,"BRD,SPV",OYO-IBD,MC/   MC,COMM/      PVT,12/04/2018 13:00,10,4.33884,8.2925596
2005,12/07/2018,THU,7KM 4RM IBD-TOSE AREA,SPV,OYO-IBD,BUS,COMM,2/28/2019 13:00,12,4.33289,8.2877903
425,7/14/2018,SAT,12KM 4RM IBD-KOLADIASE UNIVERSITY AREA,SPV,OYO-IBD,BUS,COMM,7/31/2018 17:00,7,4.3207798,8.2764196
1411,7/17/2018,TUE,KM20-IJAWAYA VILLAGE,"WOV,SPV",OYO-OGB,SUV/  CAR,PVT/    PVT,9/13/2018 19:00,7,4.4145699,8.3307199
1205,7/20/2018,FRI,KM7-HIGH SCHOOL,SPV,OGB-ILN,BUS,COMM,09/08/2018 05:00,7,4.42243,8.3416595
715,7/21/2018,SAT,KM25-KOLA DAISI UNIVERSITY AREA,RTV,OYO-IBD,CAR/  TRK,PVT/  COMM,8/19/2018 19:00,7,4.4105,8.3261805
1331,7/22/2018,SUN,KM9-AGRIC AREA,WOV,OGB-OYO,CAR/  MC,PVT/   COMM,9/15/2018 11:00,7,4.39645,8.3173103
1245,7/30/2018,MON,2 KM 4RM IBD-RCC AREA,SPV,OYO-IBD,CAR,PVT,9/19/2018 21:00,7,4.38517,8.3133202
1110,03/08/2018,FRI,KM20-FIDITI,DGD,OYO-IBD,TRL,COMM,4/23/2018 6:00,3,3.891,7.3997502
842,05/08/2018,SUN,KM1.5 PALACE RD BY AKESAN MKT JCTN,DGD,OYO TOWNSHIP,P.UP/   MC,COMM PVT,06/12/2018 02:00,5,3.9082,7.4262199
1030,11/08/2018,SAT,KM14-B4 KOLADAISI UNIVERSITY,"SPV, MDV",IBD-OYO,TRL,COMM,12/20/2018 22:00,11,3.91593,7.5131602
953,12/08/2018,SUN,KM10-SEKONA VILLAGE,SPV,OGB-OYO,BUS,COMM,1/16/2019 17:00,12,3.91466,7.5909901
910,8/14/2018,TUE,KM1-AWE JCTN,DGD,OYO-OGB,TRK/    MC,COMM/    COMM,9/20/2018 22:00,8,3.9226,7.63765
1035,8/14/2018,TUE,KM7.5-BABA IBADAN VILLAGE,WOV,OYO-OGB,TRK/      CAR,COMM/      PVT,9/26/2018 3:00,8,3.9163499,7.6939998
1115,8/14/2018,TUE,KM8-AGBOYE VILLAGE,"OBS,WOV",OYO-OGB,TRK/    TRK,COMM/  COMM,9/29/2018 11:00,8,3.9225199,7.75137
1400,8/15/2018,WED,KM2-IDE OSE,SPV,IBD-OYO,CAR/      TRL,PVT/  COMM,10/12/2018 08:00,8,3.9372799,7.83181
2105,8/18/2018,SAT,KM4-NTA JUCTN,NJR,OGB-ILN,TNK,COMM,11/13/2018 17:00,8,3.9438601,7.8669701
1630,8/20/2018,MON,KM11-ABUDUKA VILLAGE,TBT,OGB-ILN,BUS,COMM,10/26/2018 22:00,8,4.0156298,7.9195199
130,8/21/2018,TUE,KM8.5-LAWYER VILLAGE,"WOV,SPV",OYO-OGB,BUS/   BUS,COMM/   COMM,8/26/2018 10:00,8,4.1345401,8.0544004
1320,8/22/2018,WED,"KM3-LADIGBOLU, OYO","DGD, SPV",OYO-IBD,BUS/   MC,COMM/  PVT,10/16/2018 0:00,8,4.2328801,8.1246204
1210,8/23/2018,THU,KM8-DEEPER LIFE AREA,RTV,IBD-OYO,MC/    MC,COMM/   COMM,10/12/2018 10:00,8,4.31323,8.2669401
900,8/26/2018,SUN,KM12-OOLO VILLAGE,WOV,OGB-OYO,BUS/     TRL,COMM/  COMM,10/02/2018 12:00,8,4.4053702,8.3204603
1035,8/29/2018,WED,KM3.5-NTA JCTN,SPV,OGB-ILN,BUS,COMM,10/11/2018 03:00,8,4.5041399,8.4411001
840,8/30/2018,THU,KM23-BUSARI VILLAGE,"WOV,DGD",OYO-OGB,TRK/     TRK,COMM/     COMM,10/04/2018 00:00,8,4.2785201,8.20191
1810,8/31/2018,FRI,KM8-DEEPER LIFE AREA,SPV,IBD-OYO,MC/   MC/ TRL,COMM/   PVT/   COMM,11/14/2018 10:00,8,4.1715999,8.0732603
1530,03/09/2018,MON,KM35-JOBELE,"TBT,SPV",OYO-IBD,BUS,COMM,05/11/2018 18:00,3,3.98103,7.80163
2000,04/09/2018,TUE,KM3.5-HIGH SCHOOL AREA,WOV,OGB-OYO,TNK,COMM,07/01/2018 08:00,4,4.0668702,7.71386
2305,11/09/2018,TUE,KM12-ONIGARI VILLAGE,"NJR,SOS",OGB-OYO,BUS/        TRL,COMM/      COMM,2/13/2019 1:00,11,3.95486,7.7192898
2200,9/15/2018,SAT,KM4.5-ISALE HIGH SCHOOL,"NJR,SOS",OGB-OYO,TNK,COMM,12/15/2018 16:00,9,3.91259,7.4547701
1110,9/16/2018,SUN,KM12-MONTUNDE VILLAGE,"TBT,SPV",OYO-IBD,BUS,COMM,11/01/2018 06:00,9,3.91589,7.4781699
1215,9/16/2018,SUN,KM11-BABA IBADAN,DGD,OYO-OGB,CAR/         TRK,PVT/        COMM,11/05/2018 15:00,9,3.8963799,7.5360298
1830,9/17/2018,MON,KM4.5- CARETAKER,DOT,OGB-OYO,TNK/      MC/    MC,COMM/       COMM/    PVT,12/02/2018 06:00,9,3.9093001,7.5542798
1600,9/18/2018,TUE,KM2.5-NTA,SPV,OGB-ILN,TNK/    CAR,COMM/      PVT,11/23/2018 16:00,9,3.91645,7.6091499
1200,9/20/2018,THU,KM8-ABA-ODO AREA,"SPV,MDV",OYO-IBD,CAR,PVT,11/09/2018 00:00,9,3.9126,7.6716299
920,9/22/2018,SAT,KM2-OJOGBODU,DGD,OYO-IBD,TRL/   TRL,COMM/   COMM,10/30/2018 8:00,9,3.9182301,7.7175899
1210,9/23/2018,SUN,KM5-LAREK FUEL/S,SPV,OGB-OYO,TNK/    MC,COMM/    COMM,11/12/2018 10:00,9,3.9362299,7.71457
720,9/26/2018,WED,KM16-IJAWAYA VILLAGE,DGD,OYO-OGB,TRL/    TRL,COMM/  COMM,10/26/2018 0:00,9,3.98874,7.7177701
1450,9/27/2018,THU,KM0.7 ADIKUTA RD,MDV,OYO TOWNSHIP,BUS/    MC,GOVT/    COMM,11/26/2018 10:00,9,4.0046701,7.7049499
1140,01/10/2018,MON,8KM 4RM IBD-DEEPER LIFE AREA,RTV,OYO-IBD,BUS,COMM,2/26/2018 12:00,1,4.0254202,7.6987901
1400,01/10/2018,MON,200M-SKYE BANK,"SPV,TBT",OGB-ILN,TRK/           MC/      MC,COMM/      COMM/   COMM,03/09/2018 08:00,1,4.0480399,7.68644
1737,05/10/2018,FRI,KM10-ILE-ABU VILLAGE/ODO-OBA,DGD,OGB-OYO,TRK/     CAR/      CAR,COMM/   PVT/   COMM,7/21/2018 9:00,5,4.08216,7.67803
1030,07/10/2018,SUN,KM18-FIDITI,"MDV,SPV",OYO-IBD,BUS,COMM,8/21/2018 22:00,7,4.07517,7.7069502
832,09/10/2018,TUE,KM11-JOBELE,"TBT,SPV",OYO-IBD,BUS,COMM,10/14/2018 16:00,9,4.0520802,7.72574
1125,09/10/2018,TUE,KM10-AGBOYE,SPV,OYO-OGB,TRL,COMM,10/26/2018 21:00,9,4.0520802,7.72574
1045,10/10/2018,WED,KM1-ILORA BRIDGE,RTV,OYO-IBD,CAR/         TRL,COMM/  COMM,11/22/2018 13:00,10,4.03372,7.7427101
1645,11/10/2018,THU,KM1-SCH OF SURVEY AREA,WOV,OYO-OGB,TRK/    MC,COMM/    PVT,1/17/2019 13:00,11,4.0221,7.7602901
2025,10/13/2018,SAT,KM1-ODO ORU JCTN,SPV,OGB-ILN,CAR,PVT,01/05/2019 09:00,10,4.0221,7.7602901
1630,10/14/2018,SUN,KM1-RANDAH R/A BY BOWEN HOSP,SPV,OGB-ILN,CAR,PVT,12/20/2018 22:00,10,4.0091801,7.78163
649,10/17/2018,WED,KM8- AJE IYA FUEL/S,WOT,OGB-OYO,CAR/ TNK,COMM/   COMM,11/13/2018 1:00,10,3.95804,7.8222098
1720,10/18/2018,THU,KM12.3-AGBOYE VILLAGE,"DGD,SPV",OYO-OGB,BUS,PVT,12/28/2018 16:00,10,3.91682,7.8113098
1330,10/25/2018,THU,KM16-IROKO AFTER KOLADAISI VERSITY,TBT,OYO-IBD,BUS,COMM,12/19/2018 10:00,10,3.91781,7.7855902
1359,08/11/2018,THU,IROKO,SPV,OYO-IBD,CAR/    CAR,PVT/     PVT,10/06/2018 15:00,8,3.89554,7.8003602
1032,10/11/2018,SAT,KM16-IJAWAYA VILLAGE,"DGD, BRD",OYO-OGB,TRL,COMM,11/23/2018 0:00,10,3.9214101,7.7712798
630,11/13/2018,TUE,KM10-MECHANIC VILLAGE,RTV,OGB-ILN,TRL/   TRK,COMM/  COMM,12/09/2018 06:00,11,3.9266901,7.8238502
1431,11/14/2018,WED,KM11.5-ABA LAWYER,"WOV,DGD",OYO-OGB,TNK/     BUS,COMM/  COMM,01/12/2019 15:00,11,3.91887,7.8365102
835,11/19/2018,MON,KM8.5-SEKONA VILLAGE,WOT,OGB-OYO,CAR/     MC/        CAR,PVT/       COMM/      PVT,12/23/2018 19:00,11,3.9221699,7.8495102
1320,11/20/2018,TUE,KM2-CUSTOM AREA,WOV,OYO-OGB,BUS,COMM,1/14/2019 0:00,11,3.96508,7.8818102
1750,11/24/2018,SAT,5KM 4RM OJOO-RCC,SPV,OYO-IBD,MC,PVT,02/04/2019 22:00,11,3.93098,7.8586602
1020,09/12/2018,SUN,KM17-FIDITI,"TBT, LOC",OYO-IBD,SUV,PVT,10/24/2018 12:00,9,3.95316,7.8392
1250,10/12/2018,MON,10KM 4RM IBD-AKINYELE UNDER BRIDGE,SPV,OYO-IBD,TRK/     CAR,COMM/  COMM,12/03/2018 02:00,10,3.9898701,7.8681202
328,11/12/2018,TUE,KM15-OOLO COM GRAM SCH,NJR,OGB-OYO,BUS/   BUS,COMM/  COMM,11/25/2018 16:00,11,3.9721401,7.8398099
1620,11/12/2018,TUE,KM7-ILORA BRIDGE,"RTV,DGD",OYO-IBD,BUS/    BUS,COMM/  COMM,1/18/2019 12:00,11,3.9740901,7.85466
2124,11/12/2018,TUE,KM17-ASANI ELEGA VILLAGE,NJR,OGB-OYO,BUS/    BUS,COMM/  COMM,02/08/2019 12:00,11,4.0026002,7.87676
1310,12/16/2018,SUN,KM4.5-HIGH SCH JCTN,DGD,OGB-OYO,TNK,COMM,02/08/2019 14:00,12,4.0152102,7.90413
1140,12/30/2018,SUN,KM5-FRSC BASE,SPV,OGB-OYO,BUS/ P.UP,COMM/    PVT,2/15/2019 12:00,12,3.9880099,7.8997102
